series,value,iqr,count,percentile_method
P_DurFull_I,120.0,3.0,12,linear
P_DurFull_II,133.0,4.5,12,linear
P_DurFull_III,156.0,30.0,12,linear
P_DurFull_aVR,126.0,3.0,12,linear
P_DurFull_aVL,148.0,33.0,12,linear
P_DurFull_aVF,114.0,4.5,12,linear
P_DurFull_V1,176.0,5.0,12,linear
P_DurFull_V2,132.0,52.0,12,linear
P_DurFull_V3,134.0,18.0,12,linear
P_DurFull_V4,135.0,6.5,12,linear
P_DurFull_V5,140.0,13.5,12,linear
P_DurFull_V6,133.0,7.0,12,linear
T_DurFull_I,142.0,9.5,12,linear
T_DurFull_II,178.0,77.0,12,linear
T_DurFull_III,142.0,4.0,12,linear
T_DurFull_aVR,210.0,75.5,12,linear
T_DurFull_aVL,143.0,5.0,12,linear
T_DurFull_aVF,142.0,8.5,12,linear
T_DurFull_V1,141.0,100.0,12,linear
T_DurFull_V2,138.0,2.0,12,linear
T_DurFull_V3,136.0,4.5,12,linear
T_DurFull_V4,169.0,75.0,12,linear
T_DurFull_V5,159.0,66.5,12,linear
T_DurFull_V6,156.0,52.5,12,linear
PQ_Int_I,132.0,8.0,12,linear
PQ_Int_II,146.0,2.0,12,linear
PQ_Int_III,156.0,29.0,12,linear
PQ_Int_aVR,138.0,4.5,12,linear
PQ_Int_aVL,160.0,14.5,12,linear
PQ_Int_aVF,124.0,9.0,12,linear
PQ_Int_V1,178.0,8.5,12,linear
PQ_Int_V2,130.0,46.5,12,linear
PQ_Int_V3,154.0,8.0,12,linear
PQ_Int_V4,147.0,6.0,12,linear
PQ_Int_V5,148.0,12.5,12,linear
PQ_Int_V6,140.0,5.0,12,linear
PR_Int_I,189.0,6.5,12,linear
PR_Int_II,202.0,2.0,12,linear
PR_Int_III,254.0,49.5,12,linear
PR_Int_aVR,196.0,6.0,12,linear
PR_Int_aVL,216.0,15.0,12,linear
PR_Int_aVF,182.0,9.0,12,linear
PR_Int_V1,237.0,8.5,12,linear
PR_Int_V2,221.0,51.0,12,linear
PR_Int_V3,212.0,9.0,12,linear
PR_Int_V4,202.0,5.5,12,linear
PR_Int_V5,204.0,14.0,12,linear
PR_Int_V6,196.0,5.0,12,linear
QRS_Dur_I,145.0,10.0,12,linear
QRS_Dur_II,114.0,0.5,12,linear
QRS_Dur_III,154.0,15.0,12,linear
QRS_Dur_aVR,119.0,28.5,12,linear
QRS_Dur_aVL,108.0,2.5,12,linear
QRS_Dur_aVF,145.0,16.0,12,linear
QRS_Dur_V1,134.0,5.5,12,linear
QRS_Dur_V2,142.0,11.5,12,linear
QRS_Dur_V3,108.0,0.0,12,linear
QRS_Dur_V4,108.0,2.0,12,linear
QRS_Dur_V5,114.0,2.0,12,linear
QRS_Dur_V6,120.0,9.5,12,linear
QT_Int_I,419.0,11.0,12,linear
QT_Int_II,395.0,75.5,12,linear
QT_Int_III,432.0,37.0,12,linear
QT_Int_aVR,487.0,77.5,12,linear
QT_Int_aVL,396.0,4.5,12,linear
QT_Int_aVF,414.0,6.5,12,linear
QT_Int_V1,393.0,98.0,12,linear
QT_Int_V2,448.0,10.0,12,linear
QT_Int_V3,416.0,4.5,12,linear
QT_Int_V4,433.0,7.5,12,linear
QT_Int_V5,381.0,23.0,12,linear
QT_Int_V6,388.0,7.0,12,linear
P_Dur_Global,192.0,39.0,12,linear
T_Dur_Global,252.0,69.5,12,linear
PQ_Int_Global,193.0,38.0,12,linear
PR_Int_Global,250.0,38.0,12,linear
QRS_Dur_Global,162.0,30.5,12,linear
QT_Int_Global,499.0,66.5,12,linear
RR_Mean_Global,860.0,28.5,12,linear
QT_IntFramingham_Global,518.866,63.65100000000001,12,linear
