feature,before_status,before_reconstructed,after_status,after_reconstructed,published,absolute_difference
PQ_Int_aVF,DIFFERENT,124.0,EXACT,160.0,160.0,
PQ_Int_aVF_iqr,DIFFERENT,9.0,EXACT,14.5,14.5,
PQ_Int_aVL,DIFFERENT,160.0,EXACT,124.0,124.0,
PQ_Int_aVL_iqr,DIFFERENT,14.5,EXACT,9.0,9.0,
PR_Int_aVF,DIFFERENT,182.0,EXACT,216.0,216.0,
PR_Int_aVF_iqr,DIFFERENT,9.0,EXACT,15.0,15.0,
PR_Int_aVL,DIFFERENT,216.0,EXACT,182.0,182.0,
PR_Int_aVL_iqr,DIFFERENT,15.0,EXACT,9.0,9.0,
P_DurFull_aVF,DIFFERENT,114.0,EXACT,148.0,148.0,
P_DurFull_aVF_iqr,DIFFERENT,4.5,EXACT,33.0,33.0,
P_DurFull_aVL,DIFFERENT,148.0,EXACT,114.0,114.0,
P_DurFull_aVL_iqr,DIFFERENT,33.0,EXACT,4.5,4.5,
QRS_Dur_aVF,DIFFERENT,145.0,EXACT,108.0,108.0,
QRS_Dur_aVF_iqr,DIFFERENT,16.0,EXACT,2.5,2.5,
QRS_Dur_aVL,DIFFERENT,108.0,EXACT,145.0,145.0,
QRS_Dur_aVL_iqr,DIFFERENT,2.5,EXACT,16.0,16.0,
QT_IntFramingham_Global,DIFFERENT,518.866,DIFFERENT,522.0120000000001,522.01,
QT_IntFramingham_Global_iqr,DIFFERENT,63.65100000000001,DIFFERENT,55.53199999999998,55.53499999999997,
QT_IntFramingham_Global_count,DIFFERENT,12.0,EXACT,11.0,11.0,
QT_Int_aVF,DIFFERENT,414.0,EXACT,396.0,396.0,
QT_Int_aVF_iqr,DIFFERENT,6.5,EXACT,4.5,4.5,
QT_Int_aVL,DIFFERENT,396.0,EXACT,414.0,414.0,
QT_Int_aVL_iqr,DIFFERENT,4.5,EXACT,6.5,6.5,
RR_Mean_Global,DIFFERENT,860.0,EXACT,862.0,862.0,
RR_Mean_Global_iqr,DIFFERENT,28.5,EXACT,37.0,37.0,
RR_Mean_Global_count,DIFFERENT,12.0,EXACT,11.0,11.0,
T_DurFull_aVF,DIFFERENT,142.0,EXACT,143.0,143.0,
T_DurFull_aVF_iqr,DIFFERENT,8.5,EXACT,5.0,5.0,
T_DurFull_aVL,DIFFERENT,143.0,EXACT,142.0,142.0,
T_DurFull_aVL_iqr,DIFFERENT,5.0,EXACT,8.5,8.5,
