feature,family,published_value,reconstructed_value,absolute_difference,relative_difference,status,source,notes
PQ_Int_I,PQ_Int,132.0,,,,MISSING,AGGREGATED,"Beat-level series is defined by ECGDeli v1.1. Median, IQR and count were not computed because ECGDeli did not start."
PQ_Int_I_iqr,PQ_Int,8.0,,,,MISSING,AGGREGATED,"Beat-level series is defined by ECGDeli v1.1. Median, IQR and count were not computed because ECGDeli did not start."
PQ_Int_I_count,PQ_Int,12.0,,,,MISSING,AGGREGATED,"Beat-level series is defined by ECGDeli v1.1. Median, IQR and count were not computed because ECGDeli did not start."
PQ_Int_II,PQ_Int,146.0,,,,MISSING,AGGREGATED,"Beat-level series is defined by ECGDeli v1.1. Median, IQR and count were not computed because ECGDeli did not start."
PQ_Int_II_iqr,PQ_Int,2.0,,,,MISSING,AGGREGATED,"Beat-level series is defined by ECGDeli v1.1. Median, IQR and count were not computed because ECGDeli did not start."
PQ_Int_II_count,PQ_Int,12.0,,,,MISSING,AGGREGATED,"Beat-level series is defined by ECGDeli v1.1. Median, IQR and count were not computed because ECGDeli did not start."
PQ_Int_III,PQ_Int,156.0,,,,MISSING,AGGREGATED,"Beat-level series is defined by ECGDeli v1.1. Median, IQR and count were not computed because ECGDeli did not start."
PQ_Int_III_iqr,PQ_Int,29.0,,,,MISSING,AGGREGATED,"Beat-level series is defined by ECGDeli v1.1. Median, IQR and count were not computed because ECGDeli did not start."
PQ_Int_III_count,PQ_Int,12.0,,,,MISSING,AGGREGATED,"Beat-level series is defined by ECGDeli v1.1. Median, IQR and count were not computed because ECGDeli did not start."
PQ_Int_V1,PQ_Int,178.0,,,,MISSING,AGGREGATED,"Beat-level series is defined by ECGDeli v1.1. Median, IQR and count were not computed because ECGDeli did not start."
PQ_Int_V1_iqr,PQ_Int,8.5,,,,MISSING,AGGREGATED,"Beat-level series is defined by ECGDeli v1.1. Median, IQR and count were not computed because ECGDeli did not start."
PQ_Int_V1_count,PQ_Int,12.0,,,,MISSING,AGGREGATED,"Beat-level series is defined by ECGDeli v1.1. Median, IQR and count were not computed because ECGDeli did not start."
PQ_Int_V2,PQ_Int,130.0,,,,MISSING,AGGREGATED,"Beat-level series is defined by ECGDeli v1.1. Median, IQR and count were not computed because ECGDeli did not start."
PQ_Int_V2_iqr,PQ_Int,46.5,,,,MISSING,AGGREGATED,"Beat-level series is defined by ECGDeli v1.1. Median, IQR and count were not computed because ECGDeli did not start."
PQ_Int_V2_count,PQ_Int,12.0,,,,MISSING,AGGREGATED,"Beat-level series is defined by ECGDeli v1.1. Median, IQR and count were not computed because ECGDeli did not start."
PQ_Int_V3,PQ_Int,154.0,,,,MISSING,AGGREGATED,"Beat-level series is defined by ECGDeli v1.1. Median, IQR and count were not computed because ECGDeli did not start."
PQ_Int_V3_iqr,PQ_Int,8.0,,,,MISSING,AGGREGATED,"Beat-level series is defined by ECGDeli v1.1. Median, IQR and count were not computed because ECGDeli did not start."
PQ_Int_V3_count,PQ_Int,12.0,,,,MISSING,AGGREGATED,"Beat-level series is defined by ECGDeli v1.1. Median, IQR and count were not computed because ECGDeli did not start."
PQ_Int_V4,PQ_Int,147.0,,,,MISSING,AGGREGATED,"Beat-level series is defined by ECGDeli v1.1. Median, IQR and count were not computed because ECGDeli did not start."
PQ_Int_V4_iqr,PQ_Int,6.0,,,,MISSING,AGGREGATED,"Beat-level series is defined by ECGDeli v1.1. Median, IQR and count were not computed because ECGDeli did not start."
PQ_Int_V4_count,PQ_Int,12.0,,,,MISSING,AGGREGATED,"Beat-level series is defined by ECGDeli v1.1. Median, IQR and count were not computed because ECGDeli did not start."
PQ_Int_V5,PQ_Int,148.0,,,,MISSING,AGGREGATED,"Beat-level series is defined by ECGDeli v1.1. Median, IQR and count were not computed because ECGDeli did not start."
PQ_Int_V5_iqr,PQ_Int,12.5,,,,MISSING,AGGREGATED,"Beat-level series is defined by ECGDeli v1.1. Median, IQR and count were not computed because ECGDeli did not start."
PQ_Int_V5_count,PQ_Int,12.0,,,,MISSING,AGGREGATED,"Beat-level series is defined by ECGDeli v1.1. Median, IQR and count were not computed because ECGDeli did not start."
PQ_Int_V6,PQ_Int,140.0,,,,MISSING,AGGREGATED,"Beat-level series is defined by ECGDeli v1.1. Median, IQR and count were not computed because ECGDeli did not start."
PQ_Int_V6_iqr,PQ_Int,5.0,,,,MISSING,AGGREGATED,"Beat-level series is defined by ECGDeli v1.1. Median, IQR and count were not computed because ECGDeli did not start."
PQ_Int_V6_count,PQ_Int,12.0,,,,MISSING,AGGREGATED,"Beat-level series is defined by ECGDeli v1.1. Median, IQR and count were not computed because ECGDeli did not start."
PQ_Int_aVF,PQ_Int,160.0,,,,MISSING,AGGREGATED,"Beat-level series is defined by ECGDeli v1.1. Median, IQR and count were not computed because ECGDeli did not start."
PQ_Int_aVF_iqr,PQ_Int,14.5,,,,MISSING,AGGREGATED,"Beat-level series is defined by ECGDeli v1.1. Median, IQR and count were not computed because ECGDeli did not start."
PQ_Int_aVF_count,PQ_Int,12.0,,,,MISSING,AGGREGATED,"Beat-level series is defined by ECGDeli v1.1. Median, IQR and count were not computed because ECGDeli did not start."
PQ_Int_aVL,PQ_Int,124.0,,,,MISSING,AGGREGATED,"Beat-level series is defined by ECGDeli v1.1. Median, IQR and count were not computed because ECGDeli did not start."
PQ_Int_aVL_iqr,PQ_Int,9.0,,,,MISSING,AGGREGATED,"Beat-level series is defined by ECGDeli v1.1. Median, IQR and count were not computed because ECGDeli did not start."
PQ_Int_aVL_count,PQ_Int,12.0,,,,MISSING,AGGREGATED,"Beat-level series is defined by ECGDeli v1.1. Median, IQR and count were not computed because ECGDeli did not start."
PQ_Int_aVR,PQ_Int,138.0,,,,MISSING,AGGREGATED,"Beat-level series is defined by ECGDeli v1.1. Median, IQR and count were not computed because ECGDeli did not start."
PQ_Int_aVR_iqr,PQ_Int,4.5,,,,MISSING,AGGREGATED,"Beat-level series is defined by ECGDeli v1.1. Median, IQR and count were not computed because ECGDeli did not start."
PQ_Int_aVR_count,PQ_Int,12.0,,,,MISSING,AGGREGATED,"Beat-level series is defined by ECGDeli v1.1. Median, IQR and count were not computed because ECGDeli did not start."
PQ_Int_Global,PQ_Int,193.0,,,,NOT_REPRODUCIBLE,UNKNOWN,Dictionary wording says max across leads. ECGDeli sync features use the 2nd-latest minus 2nd-earliest boundary. Neither statistic was selected.
PQ_Int_Global_iqr,PQ_Int,38.0,,,,NOT_REPRODUCIBLE,UNKNOWN,Dictionary wording says max across leads. ECGDeli sync features use the 2nd-latest minus 2nd-earliest boundary. Neither statistic was selected.
PQ_Int_Global_count,PQ_Int,12.0,,,,NOT_REPRODUCIBLE,UNKNOWN,Dictionary wording says max across leads. ECGDeli sync features use the 2nd-latest minus 2nd-earliest boundary. Neither statistic was selected.
PR_Int_I,PR_Int,189.0,,,,MISSING,AGGREGATED,"Beat-level series is defined by ECGDeli v1.1. Median, IQR and count were not computed because ECGDeli did not start."
PR_Int_I_iqr,PR_Int,6.5,,,,MISSING,AGGREGATED,"Beat-level series is defined by ECGDeli v1.1. Median, IQR and count were not computed because ECGDeli did not start."
PR_Int_I_count,PR_Int,12.0,,,,MISSING,AGGREGATED,"Beat-level series is defined by ECGDeli v1.1. Median, IQR and count were not computed because ECGDeli did not start."
PR_Int_II,PR_Int,202.0,,,,MISSING,AGGREGATED,"Beat-level series is defined by ECGDeli v1.1. Median, IQR and count were not computed because ECGDeli did not start."
PR_Int_II_iqr,PR_Int,2.0,,,,MISSING,AGGREGATED,"Beat-level series is defined by ECGDeli v1.1. Median, IQR and count were not computed because ECGDeli did not start."
PR_Int_II_count,PR_Int,12.0,,,,MISSING,AGGREGATED,"Beat-level series is defined by ECGDeli v1.1. Median, IQR and count were not computed because ECGDeli did not start."
PR_Int_III,PR_Int,254.0,,,,MISSING,AGGREGATED,"Beat-level series is defined by ECGDeli v1.1. Median, IQR and count were not computed because ECGDeli did not start."
PR_Int_III_iqr,PR_Int,49.5,,,,MISSING,AGGREGATED,"Beat-level series is defined by ECGDeli v1.1. Median, IQR and count were not computed because ECGDeli did not start."
PR_Int_III_count,PR_Int,12.0,,,,MISSING,AGGREGATED,"Beat-level series is defined by ECGDeli v1.1. Median, IQR and count were not computed because ECGDeli did not start."
PR_Int_V1,PR_Int,237.0,,,,MISSING,AGGREGATED,"Beat-level series is defined by ECGDeli v1.1. Median, IQR and count were not computed because ECGDeli did not start."
PR_Int_V1_iqr,PR_Int,8.5,,,,MISSING,AGGREGATED,"Beat-level series is defined by ECGDeli v1.1. Median, IQR and count were not computed because ECGDeli did not start."
PR_Int_V1_count,PR_Int,12.0,,,,MISSING,AGGREGATED,"Beat-level series is defined by ECGDeli v1.1. Median, IQR and count were not computed because ECGDeli did not start."
PR_Int_V2,PR_Int,221.0,,,,MISSING,AGGREGATED,"Beat-level series is defined by ECGDeli v1.1. Median, IQR and count were not computed because ECGDeli did not start."
PR_Int_V2_iqr,PR_Int,51.0,,,,MISSING,AGGREGATED,"Beat-level series is defined by ECGDeli v1.1. Median, IQR and count were not computed because ECGDeli did not start."
PR_Int_V2_count,PR_Int,12.0,,,,MISSING,AGGREGATED,"Beat-level series is defined by ECGDeli v1.1. Median, IQR and count were not computed because ECGDeli did not start."
PR_Int_V3,PR_Int,212.0,,,,MISSING,AGGREGATED,"Beat-level series is defined by ECGDeli v1.1. Median, IQR and count were not computed because ECGDeli did not start."
PR_Int_V3_iqr,PR_Int,9.0,,,,MISSING,AGGREGATED,"Beat-level series is defined by ECGDeli v1.1. Median, IQR and count were not computed because ECGDeli did not start."
PR_Int_V3_count,PR_Int,12.0,,,,MISSING,AGGREGATED,"Beat-level series is defined by ECGDeli v1.1. Median, IQR and count were not computed because ECGDeli did not start."
PR_Int_V4,PR_Int,202.0,,,,MISSING,AGGREGATED,"Beat-level series is defined by ECGDeli v1.1. Median, IQR and count were not computed because ECGDeli did not start."
PR_Int_V4_iqr,PR_Int,5.5,,,,MISSING,AGGREGATED,"Beat-level series is defined by ECGDeli v1.1. Median, IQR and count were not computed because ECGDeli did not start."
PR_Int_V4_count,PR_Int,12.0,,,,MISSING,AGGREGATED,"Beat-level series is defined by ECGDeli v1.1. Median, IQR and count were not computed because ECGDeli did not start."
PR_Int_V5,PR_Int,204.0,,,,MISSING,AGGREGATED,"Beat-level series is defined by ECGDeli v1.1. Median, IQR and count were not computed because ECGDeli did not start."
PR_Int_V5_iqr,PR_Int,14.0,,,,MISSING,AGGREGATED,"Beat-level series is defined by ECGDeli v1.1. Median, IQR and count were not computed because ECGDeli did not start."
PR_Int_V5_count,PR_Int,12.0,,,,MISSING,AGGREGATED,"Beat-level series is defined by ECGDeli v1.1. Median, IQR and count were not computed because ECGDeli did not start."
PR_Int_V6,PR_Int,196.0,,,,MISSING,AGGREGATED,"Beat-level series is defined by ECGDeli v1.1. Median, IQR and count were not computed because ECGDeli did not start."
PR_Int_V6_iqr,PR_Int,5.0,,,,MISSING,AGGREGATED,"Beat-level series is defined by ECGDeli v1.1. Median, IQR and count were not computed because ECGDeli did not start."
PR_Int_V6_count,PR_Int,12.0,,,,MISSING,AGGREGATED,"Beat-level series is defined by ECGDeli v1.1. Median, IQR and count were not computed because ECGDeli did not start."
PR_Int_aVF,PR_Int,216.0,,,,MISSING,AGGREGATED,"Beat-level series is defined by ECGDeli v1.1. Median, IQR and count were not computed because ECGDeli did not start."
PR_Int_aVF_iqr,PR_Int,15.0,,,,MISSING,AGGREGATED,"Beat-level series is defined by ECGDeli v1.1. Median, IQR and count were not computed because ECGDeli did not start."
PR_Int_aVF_count,PR_Int,12.0,,,,MISSING,AGGREGATED,"Beat-level series is defined by ECGDeli v1.1. Median, IQR and count were not computed because ECGDeli did not start."
PR_Int_aVL,PR_Int,182.0,,,,MISSING,AGGREGATED,"Beat-level series is defined by ECGDeli v1.1. Median, IQR and count were not computed because ECGDeli did not start."
PR_Int_aVL_iqr,PR_Int,9.0,,,,MISSING,AGGREGATED,"Beat-level series is defined by ECGDeli v1.1. Median, IQR and count were not computed because ECGDeli did not start."
PR_Int_aVL_count,PR_Int,12.0,,,,MISSING,AGGREGATED,"Beat-level series is defined by ECGDeli v1.1. Median, IQR and count were not computed because ECGDeli did not start."
PR_Int_aVR,PR_Int,196.0,,,,MISSING,AGGREGATED,"Beat-level series is defined by ECGDeli v1.1. Median, IQR and count were not computed because ECGDeli did not start."
PR_Int_aVR_iqr,PR_Int,6.0,,,,MISSING,AGGREGATED,"Beat-level series is defined by ECGDeli v1.1. Median, IQR and count were not computed because ECGDeli did not start."
PR_Int_aVR_count,PR_Int,12.0,,,,MISSING,AGGREGATED,"Beat-level series is defined by ECGDeli v1.1. Median, IQR and count were not computed because ECGDeli did not start."
PR_Int_Global,PR_Int,250.0,,,,NOT_REPRODUCIBLE,UNKNOWN,Dictionary wording says max across leads. ECGDeli sync features use the 2nd-latest minus 2nd-earliest boundary. Neither statistic was selected.
PR_Int_Global_iqr,PR_Int,38.0,,,,NOT_REPRODUCIBLE,UNKNOWN,Dictionary wording says max across leads. ECGDeli sync features use the 2nd-latest minus 2nd-earliest boundary. Neither statistic was selected.
PR_Int_Global_count,PR_Int,12.0,,,,NOT_REPRODUCIBLE,UNKNOWN,Dictionary wording says max across leads. ECGDeli sync features use the 2nd-latest minus 2nd-earliest boundary. Neither statistic was selected.
P_Amp_I,P_Amp,0.075,,,,MISSING,AGGREGATED,"Beat-level series is defined by ECGDeli v1.1. Median, IQR and count were not computed because ECGDeli did not start."
P_Amp_I_iqr,P_Amp,0.0325,,,,MISSING,AGGREGATED,"Beat-level series is defined by ECGDeli v1.1. Median, IQR and count were not computed because ECGDeli did not start."
P_Amp_I_count,P_Amp,12.0,,,,MISSING,AGGREGATED,"Beat-level series is defined by ECGDeli v1.1. Median, IQR and count were not computed because ECGDeli did not start."
P_Amp_II,P_Amp,0.125,,,,MISSING,AGGREGATED,"Beat-level series is defined by ECGDeli v1.1. Median, IQR and count were not computed because ECGDeli did not start."
P_Amp_II_iqr,P_Amp,0.0325,,,,MISSING,AGGREGATED,"Beat-level series is defined by ECGDeli v1.1. Median, IQR and count were not computed because ECGDeli did not start."
P_Amp_II_count,P_Amp,12.0,,,,MISSING,AGGREGATED,"Beat-level series is defined by ECGDeli v1.1. Median, IQR and count were not computed because ECGDeli did not start."
P_Amp_III,P_Amp,0.075,,,,MISSING,AGGREGATED,"Beat-level series is defined by ECGDeli v1.1. Median, IQR and count were not computed because ECGDeli did not start."
P_Amp_III_iqr,P_Amp,0.0249999999999999,,,,MISSING,AGGREGATED,"Beat-level series is defined by ECGDeli v1.1. Median, IQR and count were not computed because ECGDeli did not start."
P_Amp_III_count,P_Amp,12.0,,,,MISSING,AGGREGATED,"Beat-level series is defined by ECGDeli v1.1. Median, IQR and count were not computed because ECGDeli did not start."
P_Amp_V1,P_Amp,-0.04,,,,MISSING,AGGREGATED,"Beat-level series is defined by ECGDeli v1.1. Median, IQR and count were not computed because ECGDeli did not start."
P_Amp_V1_iqr,P_Amp,0.0025,,,,MISSING,AGGREGATED,"Beat-level series is defined by ECGDeli v1.1. Median, IQR and count were not computed because ECGDeli did not start."
P_Amp_V1_count,P_Amp,12.0,,,,MISSING,AGGREGATED,"Beat-level series is defined by ECGDeli v1.1. Median, IQR and count were not computed because ECGDeli did not start."
P_Amp_V2,P_Amp,-0.04,,,,MISSING,AGGREGATED,"Beat-level series is defined by ECGDeli v1.1. Median, IQR and count were not computed because ECGDeli did not start."
P_Amp_V2_iqr,P_Amp,0.01,,,,MISSING,AGGREGATED,"Beat-level series is defined by ECGDeli v1.1. Median, IQR and count were not computed because ECGDeli did not start."
P_Amp_V2_count,P_Amp,12.0,,,,MISSING,AGGREGATED,"Beat-level series is defined by ECGDeli v1.1. Median, IQR and count were not computed because ECGDeli did not start."
P_Amp_V3,P_Amp,-0.04,,,,MISSING,AGGREGATED,"Beat-level series is defined by ECGDeli v1.1. Median, IQR and count were not computed because ECGDeli did not start."
P_Amp_V3_iqr,P_Amp,0.035,,,,MISSING,AGGREGATED,"Beat-level series is defined by ECGDeli v1.1. Median, IQR and count were not computed because ECGDeli did not start."
P_Amp_V3_count,P_Amp,12.0,,,,MISSING,AGGREGATED,"Beat-level series is defined by ECGDeli v1.1. Median, IQR and count were not computed because ECGDeli did not start."
P_Amp_V4,P_Amp,0.025,,,,MISSING,AGGREGATED,"Beat-level series is defined by ECGDeli v1.1. Median, IQR and count were not computed because ECGDeli did not start."
P_Amp_V4_iqr,P_Amp,0.0275,,,,MISSING,AGGREGATED,"Beat-level series is defined by ECGDeli v1.1. Median, IQR and count were not computed because ECGDeli did not start."
P_Amp_V4_count,P_Amp,12.0,,,,MISSING,AGGREGATED,"Beat-level series is defined by ECGDeli v1.1. Median, IQR and count were not computed because ECGDeli did not start."
P_Amp_V5,P_Amp,0.03,,,,MISSING,AGGREGATED,"Beat-level series is defined by ECGDeli v1.1. Median, IQR and count were not computed because ECGDeli did not start."
P_Amp_V5_iqr,P_Amp,0.0375,,,,MISSING,AGGREGATED,"Beat-level series is defined by ECGDeli v1.1. Median, IQR and count were not computed because ECGDeli did not start."
P_Amp_V5_count,P_Amp,12.0,,,,MISSING,AGGREGATED,"Beat-level series is defined by ECGDeli v1.1. Median, IQR and count were not computed because ECGDeli did not start."
P_Amp_V6,P_Amp,0.04,,,,MISSING,AGGREGATED,"Beat-level series is defined by ECGDeli v1.1. Median, IQR and count were not computed because ECGDeli did not start."
P_Amp_V6_iqr,P_Amp,0.05,,,,MISSING,AGGREGATED,"Beat-level series is defined by ECGDeli v1.1. Median, IQR and count were not computed because ECGDeli did not start."
P_Amp_V6_count,P_Amp,12.0,,,,MISSING,AGGREGATED,"Beat-level series is defined by ECGDeli v1.1. Median, IQR and count were not computed because ECGDeli did not start."
P_Amp_aVF,P_Amp,0.09,,,,MISSING,AGGREGATED,"Beat-level series is defined by ECGDeli v1.1. Median, IQR and count were not computed because ECGDeli did not start."
P_Amp_aVF_iqr,P_Amp,0.0325,,,,MISSING,AGGREGATED,"Beat-level series is defined by ECGDeli v1.1. Median, IQR and count were not computed because ECGDeli did not start."
P_Amp_aVF_count,P_Amp,12.0,,,,MISSING,AGGREGATED,"Beat-level series is defined by ECGDeli v1.1. Median, IQR and count were not computed because ECGDeli did not start."
P_Amp_aVL,P_Amp,0.02,,,,MISSING,AGGREGATED,"Beat-level series is defined by ECGDeli v1.1. Median, IQR and count were not computed because ECGDeli did not start."
P_Amp_aVL_iqr,P_Amp,0.045,,,,MISSING,AGGREGATED,"Beat-level series is defined by ECGDeli v1.1. Median, IQR and count were not computed because ECGDeli did not start."
P_Amp_aVL_count,P_Amp,12.0,,,,MISSING,AGGREGATED,"Beat-level series is defined by ECGDeli v1.1. Median, IQR and count were not computed because ECGDeli did not start."
P_Amp_aVR,P_Amp,-0.095,,,,MISSING,AGGREGATED,"Beat-level series is defined by ECGDeli v1.1. Median, IQR and count were not computed because ECGDeli did not start."
P_Amp_aVR_iqr,P_Amp,0.02,,,,MISSING,AGGREGATED,"Beat-level series is defined by ECGDeli v1.1. Median, IQR and count were not computed because ECGDeli did not start."
P_Amp_aVR_count,P_Amp,12.0,,,,MISSING,AGGREGATED,"Beat-level series is defined by ECGDeli v1.1. Median, IQR and count were not computed because ECGDeli did not start."
P_DurFull_I,P_DurFull,120.0,,,,MISSING,AGGREGATED,"Beat-level series is defined by ECGDeli v1.1. Median, IQR and count were not computed because ECGDeli did not start."
P_DurFull_I_iqr,P_DurFull,3.0,,,,MISSING,AGGREGATED,"Beat-level series is defined by ECGDeli v1.1. Median, IQR and count were not computed because ECGDeli did not start."
P_DurFull_I_count,P_DurFull,12.0,,,,MISSING,AGGREGATED,"Beat-level series is defined by ECGDeli v1.1. Median, IQR and count were not computed because ECGDeli did not start."
P_DurFull_II,P_DurFull,133.0,,,,MISSING,AGGREGATED,"Beat-level series is defined by ECGDeli v1.1. Median, IQR and count were not computed because ECGDeli did not start."
P_DurFull_II_iqr,P_DurFull,4.5,,,,MISSING,AGGREGATED,"Beat-level series is defined by ECGDeli v1.1. Median, IQR and count were not computed because ECGDeli did not start."
P_DurFull_II_count,P_DurFull,12.0,,,,MISSING,AGGREGATED,"Beat-level series is defined by ECGDeli v1.1. Median, IQR and count were not computed because ECGDeli did not start."
P_DurFull_III,P_DurFull,156.0,,,,MISSING,AGGREGATED,"Beat-level series is defined by ECGDeli v1.1. Median, IQR and count were not computed because ECGDeli did not start."
P_DurFull_III_iqr,P_DurFull,30.0,,,,MISSING,AGGREGATED,"Beat-level series is defined by ECGDeli v1.1. Median, IQR and count were not computed because ECGDeli did not start."
P_DurFull_III_count,P_DurFull,12.0,,,,MISSING,AGGREGATED,"Beat-level series is defined by ECGDeli v1.1. Median, IQR and count were not computed because ECGDeli did not start."
P_DurFull_V1,P_DurFull,176.0,,,,MISSING,AGGREGATED,"Beat-level series is defined by ECGDeli v1.1. Median, IQR and count were not computed because ECGDeli did not start."
P_DurFull_V1_iqr,P_DurFull,5.0,,,,MISSING,AGGREGATED,"Beat-level series is defined by ECGDeli v1.1. Median, IQR and count were not computed because ECGDeli did not start."
P_DurFull_V1_count,P_DurFull,12.0,,,,MISSING,AGGREGATED,"Beat-level series is defined by ECGDeli v1.1. Median, IQR and count were not computed because ECGDeli did not start."
P_DurFull_V2,P_DurFull,132.0,,,,MISSING,AGGREGATED,"Beat-level series is defined by ECGDeli v1.1. Median, IQR and count were not computed because ECGDeli did not start."
P_DurFull_V2_iqr,P_DurFull,52.0,,,,MISSING,AGGREGATED,"Beat-level series is defined by ECGDeli v1.1. Median, IQR and count were not computed because ECGDeli did not start."
P_DurFull_V2_count,P_DurFull,12.0,,,,MISSING,AGGREGATED,"Beat-level series is defined by ECGDeli v1.1. Median, IQR and count were not computed because ECGDeli did not start."
P_DurFull_V3,P_DurFull,134.0,,,,MISSING,AGGREGATED,"Beat-level series is defined by ECGDeli v1.1. Median, IQR and count were not computed because ECGDeli did not start."
P_DurFull_V3_iqr,P_DurFull,18.0,,,,MISSING,AGGREGATED,"Beat-level series is defined by ECGDeli v1.1. Median, IQR and count were not computed because ECGDeli did not start."
P_DurFull_V3_count,P_DurFull,12.0,,,,MISSING,AGGREGATED,"Beat-level series is defined by ECGDeli v1.1. Median, IQR and count were not computed because ECGDeli did not start."
P_DurFull_V4,P_DurFull,135.0,,,,MISSING,AGGREGATED,"Beat-level series is defined by ECGDeli v1.1. Median, IQR and count were not computed because ECGDeli did not start."
P_DurFull_V4_iqr,P_DurFull,6.5,,,,MISSING,AGGREGATED,"Beat-level series is defined by ECGDeli v1.1. Median, IQR and count were not computed because ECGDeli did not start."
P_DurFull_V4_count,P_DurFull,12.0,,,,MISSING,AGGREGATED,"Beat-level series is defined by ECGDeli v1.1. Median, IQR and count were not computed because ECGDeli did not start."
P_DurFull_V5,P_DurFull,140.0,,,,MISSING,AGGREGATED,"Beat-level series is defined by ECGDeli v1.1. Median, IQR and count were not computed because ECGDeli did not start."
P_DurFull_V5_iqr,P_DurFull,13.5,,,,MISSING,AGGREGATED,"Beat-level series is defined by ECGDeli v1.1. Median, IQR and count were not computed because ECGDeli did not start."
P_DurFull_V5_count,P_DurFull,12.0,,,,MISSING,AGGREGATED,"Beat-level series is defined by ECGDeli v1.1. Median, IQR and count were not computed because ECGDeli did not start."
P_DurFull_V6,P_DurFull,133.0,,,,MISSING,AGGREGATED,"Beat-level series is defined by ECGDeli v1.1. Median, IQR and count were not computed because ECGDeli did not start."
P_DurFull_V6_iqr,P_DurFull,7.0,,,,MISSING,AGGREGATED,"Beat-level series is defined by ECGDeli v1.1. Median, IQR and count were not computed because ECGDeli did not start."
P_DurFull_V6_count,P_DurFull,12.0,,,,MISSING,AGGREGATED,"Beat-level series is defined by ECGDeli v1.1. Median, IQR and count were not computed because ECGDeli did not start."
P_DurFull_aVF,P_DurFull,148.0,,,,MISSING,AGGREGATED,"Beat-level series is defined by ECGDeli v1.1. Median, IQR and count were not computed because ECGDeli did not start."
P_DurFull_aVF_iqr,P_DurFull,33.0,,,,MISSING,AGGREGATED,"Beat-level series is defined by ECGDeli v1.1. Median, IQR and count were not computed because ECGDeli did not start."
P_DurFull_aVF_count,P_DurFull,12.0,,,,MISSING,AGGREGATED,"Beat-level series is defined by ECGDeli v1.1. Median, IQR and count were not computed because ECGDeli did not start."
P_DurFull_aVL,P_DurFull,114.0,,,,MISSING,AGGREGATED,"Beat-level series is defined by ECGDeli v1.1. Median, IQR and count were not computed because ECGDeli did not start."
P_DurFull_aVL_iqr,P_DurFull,4.5,,,,MISSING,AGGREGATED,"Beat-level series is defined by ECGDeli v1.1. Median, IQR and count were not computed because ECGDeli did not start."
P_DurFull_aVL_count,P_DurFull,12.0,,,,MISSING,AGGREGATED,"Beat-level series is defined by ECGDeli v1.1. Median, IQR and count were not computed because ECGDeli did not start."
P_DurFull_aVR,P_DurFull,126.0,,,,MISSING,AGGREGATED,"Beat-level series is defined by ECGDeli v1.1. Median, IQR and count were not computed because ECGDeli did not start."
P_DurFull_aVR_iqr,P_DurFull,3.0,,,,MISSING,AGGREGATED,"Beat-level series is defined by ECGDeli v1.1. Median, IQR and count were not computed because ECGDeli did not start."
P_DurFull_aVR_count,P_DurFull,12.0,,,,MISSING,AGGREGATED,"Beat-level series is defined by ECGDeli v1.1. Median, IQR and count were not computed because ECGDeli did not start."
P_Dur_Global,P_Dur,192.0,,,,NOT_REPRODUCIBLE,UNKNOWN,Dictionary wording says max across leads. ECGDeli sync features use the 2nd-latest minus 2nd-earliest boundary. Neither statistic was selected.
P_Dur_Global_iqr,P_Dur,39.0,,,,NOT_REPRODUCIBLE,UNKNOWN,Dictionary wording says max across leads. ECGDeli sync features use the 2nd-latest minus 2nd-earliest boundary. Neither statistic was selected.
P_Dur_Global_count,P_Dur,12.0,,,,NOT_REPRODUCIBLE,UNKNOWN,Dictionary wording says max across leads. ECGDeli sync features use the 2nd-latest minus 2nd-earliest boundary. Neither statistic was selected.
P_Morph_I,P_Morph,1.0,,,,MISSING,AGGREGATED,"Beat-level series is defined by ECGDeli v1.1. Median, IQR and count were not computed because ECGDeli did not start."
P_Morph_I_iqr,P_Morph,0.0,,,,MISSING,AGGREGATED,"Beat-level series is defined by ECGDeli v1.1. Median, IQR and count were not computed because ECGDeli did not start."
P_Morph_I_count,P_Morph,12.0,,,,MISSING,AGGREGATED,"Beat-level series is defined by ECGDeli v1.1. Median, IQR and count were not computed because ECGDeli did not start."
P_Morph_II,P_Morph,1.0,,,,MISSING,AGGREGATED,"Beat-level series is defined by ECGDeli v1.1. Median, IQR and count were not computed because ECGDeli did not start."
P_Morph_II_iqr,P_Morph,0.0,,,,MISSING,AGGREGATED,"Beat-level series is defined by ECGDeli v1.1. Median, IQR and count were not computed because ECGDeli did not start."
P_Morph_II_count,P_Morph,12.0,,,,MISSING,AGGREGATED,"Beat-level series is defined by ECGDeli v1.1. Median, IQR and count were not computed because ECGDeli did not start."
P_Morph_III,P_Morph,1.0,,,,MISSING,AGGREGATED,"Beat-level series is defined by ECGDeli v1.1. Median, IQR and count were not computed because ECGDeli did not start."
P_Morph_III_iqr,P_Morph,1.25,,,,MISSING,AGGREGATED,"Beat-level series is defined by ECGDeli v1.1. Median, IQR and count were not computed because ECGDeli did not start."
P_Morph_III_count,P_Morph,12.0,,,,MISSING,AGGREGATED,"Beat-level series is defined by ECGDeli v1.1. Median, IQR and count were not computed because ECGDeli did not start."
P_Morph_V1,P_Morph,2.0,,,,MISSING,AGGREGATED,"Beat-level series is defined by ECGDeli v1.1. Median, IQR and count were not computed because ECGDeli did not start."
P_Morph_V1_iqr,P_Morph,0.0,,,,MISSING,AGGREGATED,"Beat-level series is defined by ECGDeli v1.1. Median, IQR and count were not computed because ECGDeli did not start."
P_Morph_V1_count,P_Morph,12.0,,,,MISSING,AGGREGATED,"Beat-level series is defined by ECGDeli v1.1. Median, IQR and count were not computed because ECGDeli did not start."
P_Morph_V2,P_Morph,1.0,,,,MISSING,AGGREGATED,"Beat-level series is defined by ECGDeli v1.1. Median, IQR and count were not computed because ECGDeli did not start."
P_Morph_V2_iqr,P_Morph,0.25,,,,MISSING,AGGREGATED,"Beat-level series is defined by ECGDeli v1.1. Median, IQR and count were not computed because ECGDeli did not start."
P_Morph_V2_count,P_Morph,12.0,,,,MISSING,AGGREGATED,"Beat-level series is defined by ECGDeli v1.1. Median, IQR and count were not computed because ECGDeli did not start."
P_Morph_V3,P_Morph,1.0,,,,MISSING,AGGREGATED,"Beat-level series is defined by ECGDeli v1.1. Median, IQR and count were not computed because ECGDeli did not start."
P_Morph_V3_iqr,P_Morph,0.0,,,,MISSING,AGGREGATED,"Beat-level series is defined by ECGDeli v1.1. Median, IQR and count were not computed because ECGDeli did not start."
P_Morph_V3_count,P_Morph,12.0,,,,MISSING,AGGREGATED,"Beat-level series is defined by ECGDeli v1.1. Median, IQR and count were not computed because ECGDeli did not start."
P_Morph_V4,P_Morph,1.0,,,,MISSING,AGGREGATED,"Beat-level series is defined by ECGDeli v1.1. Median, IQR and count were not computed because ECGDeli did not start."
P_Morph_V4_iqr,P_Morph,0.0,,,,MISSING,AGGREGATED,"Beat-level series is defined by ECGDeli v1.1. Median, IQR and count were not computed because ECGDeli did not start."
P_Morph_V4_count,P_Morph,12.0,,,,MISSING,AGGREGATED,"Beat-level series is defined by ECGDeli v1.1. Median, IQR and count were not computed because ECGDeli did not start."
P_Morph_V5,P_Morph,1.0,,,,MISSING,AGGREGATED,"Beat-level series is defined by ECGDeli v1.1. Median, IQR and count were not computed because ECGDeli did not start."
P_Morph_V5_iqr,P_Morph,0.0,,,,MISSING,AGGREGATED,"Beat-level series is defined by ECGDeli v1.1. Median, IQR and count were not computed because ECGDeli did not start."
P_Morph_V5_count,P_Morph,12.0,,,,MISSING,AGGREGATED,"Beat-level series is defined by ECGDeli v1.1. Median, IQR and count were not computed because ECGDeli did not start."
P_Morph_V6,P_Morph,1.0,,,,MISSING,AGGREGATED,"Beat-level series is defined by ECGDeli v1.1. Median, IQR and count were not computed because ECGDeli did not start."
P_Morph_V6_iqr,P_Morph,0.0,,,,MISSING,AGGREGATED,"Beat-level series is defined by ECGDeli v1.1. Median, IQR and count were not computed because ECGDeli did not start."
P_Morph_V6_count,P_Morph,12.0,,,,MISSING,AGGREGATED,"Beat-level series is defined by ECGDeli v1.1. Median, IQR and count were not computed because ECGDeli did not start."
P_Morph_aVF,P_Morph,1.0,,,,MISSING,AGGREGATED,"Beat-level series is defined by ECGDeli v1.1. Median, IQR and count were not computed because ECGDeli did not start."
P_Morph_aVF_iqr,P_Morph,0.0,,,,MISSING,AGGREGATED,"Beat-level series is defined by ECGDeli v1.1. Median, IQR and count were not computed because ECGDeli did not start."
P_Morph_aVF_count,P_Morph,12.0,,,,MISSING,AGGREGATED,"Beat-level series is defined by ECGDeli v1.1. Median, IQR and count were not computed because ECGDeli did not start."
P_Morph_aVL,P_Morph,1.0,,,,MISSING,AGGREGATED,"Beat-level series is defined by ECGDeli v1.1. Median, IQR and count were not computed because ECGDeli did not start."
P_Morph_aVL_iqr,P_Morph,0.0,,,,MISSING,AGGREGATED,"Beat-level series is defined by ECGDeli v1.1. Median, IQR and count were not computed because ECGDeli did not start."
P_Morph_aVL_count,P_Morph,12.0,,,,MISSING,AGGREGATED,"Beat-level series is defined by ECGDeli v1.1. Median, IQR and count were not computed because ECGDeli did not start."
P_Morph_aVR,P_Morph,-1.0,,,,MISSING,AGGREGATED,"Beat-level series is defined by ECGDeli v1.1. Median, IQR and count were not computed because ECGDeli did not start."
P_Morph_aVR_iqr,P_Morph,0.0,,,,MISSING,AGGREGATED,"Beat-level series is defined by ECGDeli v1.1. Median, IQR and count were not computed because ECGDeli did not start."
P_Morph_aVR_count,P_Morph,12.0,,,,MISSING,AGGREGATED,"Beat-level series is defined by ECGDeli v1.1. Median, IQR and count were not computed because ECGDeli did not start."
Q_Amp_I,Q_Amp,-0.14,,,,MISSING,AGGREGATED,"Beat-level series is defined by ECGDeli v1.1. Median, IQR and count were not computed because ECGDeli did not start."
Q_Amp_I_iqr,Q_Amp,0.0425,,,,MISSING,AGGREGATED,"Beat-level series is defined by ECGDeli v1.1. Median, IQR and count were not computed because ECGDeli did not start."
Q_Amp_I_count,Q_Amp,12.0,,,,MISSING,AGGREGATED,"Beat-level series is defined by ECGDeli v1.1. Median, IQR and count were not computed because ECGDeli did not start."
Q_Amp_II,Q_Amp,-0.14,,,,MISSING,AGGREGATED,"Beat-level series is defined by ECGDeli v1.1. Median, IQR and count were not computed because ECGDeli did not start."
Q_Amp_II_iqr,Q_Amp,0.0325,,,,MISSING,AGGREGATED,"Beat-level series is defined by ECGDeli v1.1. Median, IQR and count were not computed because ECGDeli did not start."
Q_Amp_II_count,Q_Amp,12.0,,,,MISSING,AGGREGATED,"Beat-level series is defined by ECGDeli v1.1. Median, IQR and count were not computed because ECGDeli did not start."
Q_Amp_III,Q_Amp,0.06,,,,MISSING,AGGREGATED,"Beat-level series is defined by ECGDeli v1.1. Median, IQR and count were not computed because ECGDeli did not start."
Q_Amp_III_iqr,Q_Amp,0.035,,,,MISSING,AGGREGATED,"Beat-level series is defined by ECGDeli v1.1. Median, IQR and count were not computed because ECGDeli did not start."
Q_Amp_III_count,Q_Amp,12.0,,,,MISSING,AGGREGATED,"Beat-level series is defined by ECGDeli v1.1. Median, IQR and count were not computed because ECGDeli did not start."
Q_Amp_V1,Q_Amp,0.2,,,,MISSING,AGGREGATED,"Beat-level series is defined by ECGDeli v1.1. Median, IQR and count were not computed because ECGDeli did not start."
Q_Amp_V1_iqr,Q_Amp,0.0399999999999999,,,,MISSING,AGGREGATED,"Beat-level series is defined by ECGDeli v1.1. Median, IQR and count were not computed because ECGDeli did not start."
Q_Amp_V1_count,Q_Amp,12.0,,,,MISSING,AGGREGATED,"Beat-level series is defined by ECGDeli v1.1. Median, IQR and count were not computed because ECGDeli did not start."
Q_Amp_V2,Q_Amp,-0.0849999999999999,,,,MISSING,AGGREGATED,"Beat-level series is defined by ECGDeli v1.1. Median, IQR and count were not computed because ECGDeli did not start."
Q_Amp_V2_iqr,Q_Amp,0.0224999999999999,,,,MISSING,AGGREGATED,"Beat-level series is defined by ECGDeli v1.1. Median, IQR and count were not computed because ECGDeli did not start."
Q_Amp_V2_count,Q_Amp,12.0,,,,MISSING,AGGREGATED,"Beat-level series is defined by ECGDeli v1.1. Median, IQR and count were not computed because ECGDeli did not start."
Q_Amp_V3,Q_Amp,-0.045,,,,MISSING,AGGREGATED,"Beat-level series is defined by ECGDeli v1.1. Median, IQR and count were not computed because ECGDeli did not start."
Q_Amp_V3_iqr,Q_Amp,0.0325,,,,MISSING,AGGREGATED,"Beat-level series is defined by ECGDeli v1.1. Median, IQR and count were not computed because ECGDeli did not start."
Q_Amp_V3_count,Q_Amp,12.0,,,,MISSING,AGGREGATED,"Beat-level series is defined by ECGDeli v1.1. Median, IQR and count were not computed because ECGDeli did not start."
Q_Amp_V4,Q_Amp,-0.1,,,,MISSING,AGGREGATED,"Beat-level series is defined by ECGDeli v1.1. Median, IQR and count were not computed because ECGDeli did not start."
Q_Amp_V4_iqr,Q_Amp,0.0125,,,,MISSING,AGGREGATED,"Beat-level series is defined by ECGDeli v1.1. Median, IQR and count were not computed because ECGDeli did not start."
Q_Amp_V4_count,Q_Amp,12.0,,,,MISSING,AGGREGATED,"Beat-level series is defined by ECGDeli v1.1. Median, IQR and count were not computed because ECGDeli did not start."
Q_Amp_V5,Q_Amp,-0.17,,,,MISSING,AGGREGATED,"Beat-level series is defined by ECGDeli v1.1. Median, IQR and count were not computed because ECGDeli did not start."
Q_Amp_V5_iqr,Q_Amp,0.0375,,,,MISSING,AGGREGATED,"Beat-level series is defined by ECGDeli v1.1. Median, IQR and count were not computed because ECGDeli did not start."
Q_Amp_V5_count,Q_Amp,12.0,,,,MISSING,AGGREGATED,"Beat-level series is defined by ECGDeli v1.1. Median, IQR and count were not computed because ECGDeli did not start."
Q_Amp_V6,Q_Amp,-0.155,,,,MISSING,AGGREGATED,"Beat-level series is defined by ECGDeli v1.1. Median, IQR and count were not computed because ECGDeli did not start."
Q_Amp_V6_iqr,Q_Amp,0.0499999999999999,,,,MISSING,AGGREGATED,"Beat-level series is defined by ECGDeli v1.1. Median, IQR and count were not computed because ECGDeli did not start."
Q_Amp_V6_count,Q_Amp,12.0,,,,MISSING,AGGREGATED,"Beat-level series is defined by ECGDeli v1.1. Median, IQR and count were not computed because ECGDeli did not start."
Q_Amp_aVF,Q_Amp,-0.105,,,,MISSING,AGGREGATED,"Beat-level series is defined by ECGDeli v1.1. Median, IQR and count were not computed because ECGDeli did not start."
Q_Amp_aVF_iqr,Q_Amp,0.0375,,,,MISSING,AGGREGATED,"Beat-level series is defined by ECGDeli v1.1. Median, IQR and count were not computed because ECGDeli did not start."
Q_Amp_aVF_count,Q_Amp,12.0,,,,MISSING,AGGREGATED,"Beat-level series is defined by ECGDeli v1.1. Median, IQR and count were not computed because ECGDeli did not start."
Q_Amp_aVL,Q_Amp,-0.075,,,,MISSING,AGGREGATED,"Beat-level series is defined by ECGDeli v1.1. Median, IQR and count were not computed because ECGDeli did not start."
Q_Amp_aVL_iqr,Q_Amp,0.0424999999999999,,,,MISSING,AGGREGATED,"Beat-level series is defined by ECGDeli v1.1. Median, IQR and count were not computed because ECGDeli did not start."
Q_Amp_aVL_count,Q_Amp,12.0,,,,MISSING,AGGREGATED,"Beat-level series is defined by ECGDeli v1.1. Median, IQR and count were not computed because ECGDeli did not start."
Q_Amp_aVR,Q_Amp,0.145,,,,MISSING,AGGREGATED,"Beat-level series is defined by ECGDeli v1.1. Median, IQR and count were not computed because ECGDeli did not start."
Q_Amp_aVR_iqr,Q_Amp,0.0325,,,,MISSING,AGGREGATED,"Beat-level series is defined by ECGDeli v1.1. Median, IQR and count were not computed because ECGDeli did not start."
Q_Amp_aVR_count,Q_Amp,12.0,,,,MISSING,AGGREGATED,"Beat-level series is defined by ECGDeli v1.1. Median, IQR and count were not computed because ECGDeli did not start."
QRS_Dur_I,QRS_Dur,145.0,,,,MISSING,AGGREGATED,"Beat-level series is defined by ECGDeli v1.1. Median, IQR and count were not computed because ECGDeli did not start."
QRS_Dur_I_iqr,QRS_Dur,10.0,,,,MISSING,AGGREGATED,"Beat-level series is defined by ECGDeli v1.1. Median, IQR and count were not computed because ECGDeli did not start."
QRS_Dur_I_count,QRS_Dur,12.0,,,,MISSING,AGGREGATED,"Beat-level series is defined by ECGDeli v1.1. Median, IQR and count were not computed because ECGDeli did not start."
QRS_Dur_II,QRS_Dur,114.0,,,,MISSING,AGGREGATED,"Beat-level series is defined by ECGDeli v1.1. Median, IQR and count were not computed because ECGDeli did not start."
QRS_Dur_II_iqr,QRS_Dur,0.5,,,,MISSING,AGGREGATED,"Beat-level series is defined by ECGDeli v1.1. Median, IQR and count were not computed because ECGDeli did not start."
QRS_Dur_II_count,QRS_Dur,12.0,,,,MISSING,AGGREGATED,"Beat-level series is defined by ECGDeli v1.1. Median, IQR and count were not computed because ECGDeli did not start."
QRS_Dur_III,QRS_Dur,154.0,,,,MISSING,AGGREGATED,"Beat-level series is defined by ECGDeli v1.1. Median, IQR and count were not computed because ECGDeli did not start."
QRS_Dur_III_iqr,QRS_Dur,15.0,,,,MISSING,AGGREGATED,"Beat-level series is defined by ECGDeli v1.1. Median, IQR and count were not computed because ECGDeli did not start."
QRS_Dur_III_count,QRS_Dur,12.0,,,,MISSING,AGGREGATED,"Beat-level series is defined by ECGDeli v1.1. Median, IQR and count were not computed because ECGDeli did not start."
QRS_Dur_V1,QRS_Dur,134.0,,,,MISSING,AGGREGATED,"Beat-level series is defined by ECGDeli v1.1. Median, IQR and count were not computed because ECGDeli did not start."
QRS_Dur_V1_iqr,QRS_Dur,5.5,,,,MISSING,AGGREGATED,"Beat-level series is defined by ECGDeli v1.1. Median, IQR and count were not computed because ECGDeli did not start."
QRS_Dur_V1_count,QRS_Dur,12.0,,,,MISSING,AGGREGATED,"Beat-level series is defined by ECGDeli v1.1. Median, IQR and count were not computed because ECGDeli did not start."
QRS_Dur_V2,QRS_Dur,142.0,,,,MISSING,AGGREGATED,"Beat-level series is defined by ECGDeli v1.1. Median, IQR and count were not computed because ECGDeli did not start."
QRS_Dur_V2_iqr,QRS_Dur,11.5,,,,MISSING,AGGREGATED,"Beat-level series is defined by ECGDeli v1.1. Median, IQR and count were not computed because ECGDeli did not start."
QRS_Dur_V2_count,QRS_Dur,12.0,,,,MISSING,AGGREGATED,"Beat-level series is defined by ECGDeli v1.1. Median, IQR and count were not computed because ECGDeli did not start."
QRS_Dur_V3,QRS_Dur,108.0,,,,MISSING,AGGREGATED,"Beat-level series is defined by ECGDeli v1.1. Median, IQR and count were not computed because ECGDeli did not start."
QRS_Dur_V3_iqr,QRS_Dur,0.0,,,,MISSING,AGGREGATED,"Beat-level series is defined by ECGDeli v1.1. Median, IQR and count were not computed because ECGDeli did not start."
QRS_Dur_V3_count,QRS_Dur,12.0,,,,MISSING,AGGREGATED,"Beat-level series is defined by ECGDeli v1.1. Median, IQR and count were not computed because ECGDeli did not start."
QRS_Dur_V4,QRS_Dur,108.0,,,,MISSING,AGGREGATED,"Beat-level series is defined by ECGDeli v1.1. Median, IQR and count were not computed because ECGDeli did not start."
QRS_Dur_V4_iqr,QRS_Dur,2.0,,,,MISSING,AGGREGATED,"Beat-level series is defined by ECGDeli v1.1. Median, IQR and count were not computed because ECGDeli did not start."
QRS_Dur_V4_count,QRS_Dur,12.0,,,,MISSING,AGGREGATED,"Beat-level series is defined by ECGDeli v1.1. Median, IQR and count were not computed because ECGDeli did not start."
QRS_Dur_V5,QRS_Dur,114.0,,,,MISSING,AGGREGATED,"Beat-level series is defined by ECGDeli v1.1. Median, IQR and count were not computed because ECGDeli did not start."
QRS_Dur_V5_iqr,QRS_Dur,2.0,,,,MISSING,AGGREGATED,"Beat-level series is defined by ECGDeli v1.1. Median, IQR and count were not computed because ECGDeli did not start."
QRS_Dur_V5_count,QRS_Dur,12.0,,,,MISSING,AGGREGATED,"Beat-level series is defined by ECGDeli v1.1. Median, IQR and count were not computed because ECGDeli did not start."
QRS_Dur_V6,QRS_Dur,120.0,,,,MISSING,AGGREGATED,"Beat-level series is defined by ECGDeli v1.1. Median, IQR and count were not computed because ECGDeli did not start."
QRS_Dur_V6_iqr,QRS_Dur,9.5,,,,MISSING,AGGREGATED,"Beat-level series is defined by ECGDeli v1.1. Median, IQR and count were not computed because ECGDeli did not start."
QRS_Dur_V6_count,QRS_Dur,12.0,,,,MISSING,AGGREGATED,"Beat-level series is defined by ECGDeli v1.1. Median, IQR and count were not computed because ECGDeli did not start."
QRS_Dur_aVF,QRS_Dur,108.0,,,,MISSING,AGGREGATED,"Beat-level series is defined by ECGDeli v1.1. Median, IQR and count were not computed because ECGDeli did not start."
QRS_Dur_aVF_iqr,QRS_Dur,2.5,,,,MISSING,AGGREGATED,"Beat-level series is defined by ECGDeli v1.1. Median, IQR and count were not computed because ECGDeli did not start."
QRS_Dur_aVF_count,QRS_Dur,12.0,,,,MISSING,AGGREGATED,"Beat-level series is defined by ECGDeli v1.1. Median, IQR and count were not computed because ECGDeli did not start."
QRS_Dur_aVL,QRS_Dur,145.0,,,,MISSING,AGGREGATED,"Beat-level series is defined by ECGDeli v1.1. Median, IQR and count were not computed because ECGDeli did not start."
QRS_Dur_aVL_iqr,QRS_Dur,16.0,,,,MISSING,AGGREGATED,"Beat-level series is defined by ECGDeli v1.1. Median, IQR and count were not computed because ECGDeli did not start."
QRS_Dur_aVL_count,QRS_Dur,12.0,,,,MISSING,AGGREGATED,"Beat-level series is defined by ECGDeli v1.1. Median, IQR and count were not computed because ECGDeli did not start."
QRS_Dur_aVR,QRS_Dur,119.0,,,,MISSING,AGGREGATED,"Beat-level series is defined by ECGDeli v1.1. Median, IQR and count were not computed because ECGDeli did not start."
QRS_Dur_aVR_iqr,QRS_Dur,28.5,,,,MISSING,AGGREGATED,"Beat-level series is defined by ECGDeli v1.1. Median, IQR and count were not computed because ECGDeli did not start."
QRS_Dur_aVR_count,QRS_Dur,12.0,,,,MISSING,AGGREGATED,"Beat-level series is defined by ECGDeli v1.1. Median, IQR and count were not computed because ECGDeli did not start."
QRS_Dur_Global,QRS_Dur,162.0,,,,NOT_REPRODUCIBLE,UNKNOWN,Dictionary wording says max across leads. ECGDeli sync features use the 2nd-latest minus 2nd-earliest boundary. Neither statistic was selected.
QRS_Dur_Global_iqr,QRS_Dur,30.5,,,,NOT_REPRODUCIBLE,UNKNOWN,Dictionary wording says max across leads. ECGDeli sync features use the 2nd-latest minus 2nd-earliest boundary. Neither statistic was selected.
QRS_Dur_Global_count,QRS_Dur,12.0,,,,NOT_REPRODUCIBLE,UNKNOWN,Dictionary wording says max across leads. ECGDeli sync features use the 2nd-latest minus 2nd-earliest boundary. Neither statistic was selected.
QT_IntCorr_I,QT_IntCorr,442.795,,,,NOT_REPRODUCIBLE,NOT_REPRODUCIBLE,"Dictionary calls this per-lead Framingham. ExtractIntervalFeaturesFromFPT computes Framingham only on the synchronised QT and RR, not per lead."
QT_IntCorr_I_iqr,QT_IntCorr,7.542500000000018,,,,NOT_REPRODUCIBLE,NOT_REPRODUCIBLE,"Dictionary calls this per-lead Framingham. ExtractIntervalFeaturesFromFPT computes Framingham only on the synchronised QT and RR, not per lead."
QT_IntCorr_I_count,QT_IntCorr,12.0,,,,NOT_REPRODUCIBLE,NOT_REPRODUCIBLE,"Dictionary calls this per-lead Framingham. ExtractIntervalFeaturesFromFPT computes Framingham only on the synchronised QT and RR, not per lead."
QT_IntCorr_II,QT_IntCorr,419.795,,,,NOT_REPRODUCIBLE,NOT_REPRODUCIBLE,"Dictionary calls this per-lead Framingham. ExtractIntervalFeaturesFromFPT computes Framingham only on the synchronised QT and RR, not per lead."
QT_IntCorr_II_iqr,QT_IntCorr,76.11500000000001,,,,NOT_REPRODUCIBLE,NOT_REPRODUCIBLE,"Dictionary calls this per-lead Framingham. ExtractIntervalFeaturesFromFPT computes Framingham only on the synchronised QT and RR, not per lead."
QT_IntCorr_II_count,QT_IntCorr,12.0,,,,NOT_REPRODUCIBLE,NOT_REPRODUCIBLE,"Dictionary calls this per-lead Framingham. ExtractIntervalFeaturesFromFPT computes Framingham only on the synchronised QT and RR, not per lead."
QT_IntCorr_III,QT_IntCorr,451.25,,,,NOT_REPRODUCIBLE,NOT_REPRODUCIBLE,"Dictionary calls this per-lead Framingham. ExtractIntervalFeaturesFromFPT computes Framingham only on the synchronised QT and RR, not per lead."
QT_IntCorr_III_iqr,QT_IntCorr,42.347500000000025,,,,NOT_REPRODUCIBLE,NOT_REPRODUCIBLE,"Dictionary calls this per-lead Framingham. ExtractIntervalFeaturesFromFPT computes Framingham only on the synchronised QT and RR, not per lead."
QT_IntCorr_III_count,QT_IntCorr,12.0,,,,NOT_REPRODUCIBLE,NOT_REPRODUCIBLE,"Dictionary calls this per-lead Framingham. ExtractIntervalFeaturesFromFPT computes Framingham only on the synchronised QT and RR, not per lead."
QT_IntCorr_V1,QT_IntCorr,416.405,,,,NOT_REPRODUCIBLE,NOT_REPRODUCIBLE,"Dictionary calls this per-lead Framingham. ExtractIntervalFeaturesFromFPT computes Framingham only on the synchronised QT and RR, not per lead."
QT_IntCorr_V1_iqr,QT_IntCorr,95.075,,,,NOT_REPRODUCIBLE,NOT_REPRODUCIBLE,"Dictionary calls this per-lead Framingham. ExtractIntervalFeaturesFromFPT computes Framingham only on the synchronised QT and RR, not per lead."
QT_IntCorr_V1_count,QT_IntCorr,12.0,,,,NOT_REPRODUCIBLE,NOT_REPRODUCIBLE,"Dictionary calls this per-lead Framingham. ExtractIntervalFeaturesFromFPT computes Framingham only on the synchronised QT and RR, not per lead."
QT_IntCorr_V2,QT_IntCorr,466.405,,,,NOT_REPRODUCIBLE,NOT_REPRODUCIBLE,"Dictionary calls this per-lead Framingham. ExtractIntervalFeaturesFromFPT computes Framingham only on the synchronised QT and RR, not per lead."
QT_IntCorr_V2_iqr,QT_IntCorr,11.120000000000005,,,,NOT_REPRODUCIBLE,NOT_REPRODUCIBLE,"Dictionary calls this per-lead Framingham. ExtractIntervalFeaturesFromFPT computes Framingham only on the synchronised QT and RR, not per lead."
QT_IntCorr_V2_count,QT_IntCorr,12.0,,,,NOT_REPRODUCIBLE,NOT_REPRODUCIBLE,"Dictionary calls this per-lead Framingham. ExtractIntervalFeaturesFromFPT computes Framingham only on the synchronised QT and RR, not per lead."
QT_IntCorr_V3,QT_IntCorr,437.33,,,,NOT_REPRODUCIBLE,NOT_REPRODUCIBLE,"Dictionary calls this per-lead Framingham. ExtractIntervalFeaturesFromFPT computes Framingham only on the synchronised QT and RR, not per lead."
QT_IntCorr_V3_iqr,QT_IntCorr,7.00750000000005,,,,NOT_REPRODUCIBLE,NOT_REPRODUCIBLE,"Dictionary calls this per-lead Framingham. ExtractIntervalFeaturesFromFPT computes Framingham only on the synchronised QT and RR, not per lead."
QT_IntCorr_V3_count,QT_IntCorr,12.0,,,,NOT_REPRODUCIBLE,NOT_REPRODUCIBLE,"Dictionary calls this per-lead Framingham. ExtractIntervalFeaturesFromFPT computes Framingham only on the synchronised QT and RR, not per lead."
QT_IntCorr_V4,QT_IntCorr,456.485,,,,NOT_REPRODUCIBLE,NOT_REPRODUCIBLE,"Dictionary calls this per-lead Framingham. ExtractIntervalFeaturesFromFPT computes Framingham only on the synchronised QT and RR, not per lead."
QT_IntCorr_V4_iqr,QT_IntCorr,7.85250000000002,,,,NOT_REPRODUCIBLE,NOT_REPRODUCIBLE,"Dictionary calls this per-lead Framingham. ExtractIntervalFeaturesFromFPT computes Framingham only on the synchronised QT and RR, not per lead."
QT_IntCorr_V4_count,QT_IntCorr,12.0,,,,NOT_REPRODUCIBLE,NOT_REPRODUCIBLE,"Dictionary calls this per-lead Framingham. ExtractIntervalFeaturesFromFPT computes Framingham only on the synchronised QT and RR, not per lead."
QT_IntCorr_V5,QT_IntCorr,401.56,,,,NOT_REPRODUCIBLE,NOT_REPRODUCIBLE,"Dictionary calls this per-lead Framingham. ExtractIntervalFeaturesFromFPT computes Framingham only on the synchronised QT and RR, not per lead."
QT_IntCorr_V5_iqr,QT_IntCorr,28.850000000000023,,,,NOT_REPRODUCIBLE,NOT_REPRODUCIBLE,"Dictionary calls this per-lead Framingham. ExtractIntervalFeaturesFromFPT computes Framingham only on the synchronised QT and RR, not per lead."
QT_IntCorr_V5_count,QT_IntCorr,12.0,,,,NOT_REPRODUCIBLE,NOT_REPRODUCIBLE,"Dictionary calls this per-lead Framingham. ExtractIntervalFeaturesFromFPT computes Framingham only on the synchronised QT and RR, not per lead."
QT_IntCorr_V6,QT_IntCorr,411.25,,,,NOT_REPRODUCIBLE,NOT_REPRODUCIBLE,"Dictionary calls this per-lead Framingham. ExtractIntervalFeaturesFromFPT computes Framingham only on the synchronised QT and RR, not per lead."
QT_IntCorr_V6_iqr,QT_IntCorr,9.322499999999993,,,,NOT_REPRODUCIBLE,NOT_REPRODUCIBLE,"Dictionary calls this per-lead Framingham. ExtractIntervalFeaturesFromFPT computes Framingham only on the synchronised QT and RR, not per lead."
QT_IntCorr_V6_count,QT_IntCorr,12.0,,,,NOT_REPRODUCIBLE,NOT_REPRODUCIBLE,"Dictionary calls this per-lead Framingham. ExtractIntervalFeaturesFromFPT computes Framingham only on the synchronised QT and RR, not per lead."
QT_IntCorr_aVF,QT_IntCorr,416.87,,,,NOT_REPRODUCIBLE,NOT_REPRODUCIBLE,"Dictionary calls this per-lead Framingham. ExtractIntervalFeaturesFromFPT computes Framingham only on the synchronised QT and RR, not per lead."
QT_IntCorr_aVF_iqr,QT_IntCorr,5.120000000000061,,,,NOT_REPRODUCIBLE,NOT_REPRODUCIBLE,"Dictionary calls this per-lead Framingham. ExtractIntervalFeaturesFromFPT computes Framingham only on the synchronised QT and RR, not per lead."
QT_IntCorr_aVF_count,QT_IntCorr,12.0,,,,NOT_REPRODUCIBLE,NOT_REPRODUCIBLE,"Dictionary calls this per-lead Framingham. ExtractIntervalFeaturesFromFPT computes Framingham only on the synchronised QT and RR, not per lead."
QT_IntCorr_aVL,QT_IntCorr,435.635,,,,NOT_REPRODUCIBLE,NOT_REPRODUCIBLE,"Dictionary calls this per-lead Framingham. ExtractIntervalFeaturesFromFPT computes Framingham only on the synchronised QT and RR, not per lead."
QT_IntCorr_aVL_iqr,QT_IntCorr,4.515000000000043,,,,NOT_REPRODUCIBLE,NOT_REPRODUCIBLE,"Dictionary calls this per-lead Framingham. ExtractIntervalFeaturesFromFPT computes Framingham only on the synchronised QT and RR, not per lead."
QT_IntCorr_aVL_count,QT_IntCorr,12.0,,,,NOT_REPRODUCIBLE,NOT_REPRODUCIBLE,"Dictionary calls this per-lead Framingham. ExtractIntervalFeaturesFromFPT computes Framingham only on the synchronised QT and RR, not per lead."
QT_IntCorr_aVR,QT_IntCorr,511.795,,,,NOT_REPRODUCIBLE,NOT_REPRODUCIBLE,"Dictionary calls this per-lead Framingham. ExtractIntervalFeaturesFromFPT computes Framingham only on the synchronised QT and RR, not per lead."
QT_IntCorr_aVR_iqr,QT_IntCorr,75.65750000000003,,,,NOT_REPRODUCIBLE,NOT_REPRODUCIBLE,"Dictionary calls this per-lead Framingham. ExtractIntervalFeaturesFromFPT computes Framingham only on the synchronised QT and RR, not per lead."
QT_IntCorr_aVR_count,QT_IntCorr,12.0,,,,NOT_REPRODUCIBLE,NOT_REPRODUCIBLE,"Dictionary calls this per-lead Framingham. ExtractIntervalFeaturesFromFPT computes Framingham only on the synchronised QT and RR, not per lead."
QT_IntFramingham_Global,QT_IntFramingham,522.01,,,,NOT_REPRODUCIBLE,DERIVED_FROM_ECGDELI,"Per-beat sync Framingham is defined. Beat table is absent, so neither correction-then-median nor median-then-correction was computed. Dictionary name QTci_max was not treated as max()."
QT_IntFramingham_Global_iqr,QT_IntFramingham,55.53499999999997,,,,NOT_REPRODUCIBLE,DERIVED_FROM_ECGDELI,"Per-beat sync Framingham is defined. Beat table is absent, so neither correction-then-median nor median-then-correction was computed. Dictionary name QTci_max was not treated as max()."
QT_IntFramingham_Global_count,QT_IntFramingham,11.0,,,,NOT_REPRODUCIBLE,DERIVED_FROM_ECGDELI,"Per-beat sync Framingham is defined. Beat table is absent, so neither correction-then-median nor median-then-correction was computed. Dictionary name QTci_max was not treated as max()."
QT_Int_I,QT_Int,419.0,,,,MISSING,AGGREGATED,"Beat-level series is defined by ECGDeli v1.1. Median, IQR and count were not computed because ECGDeli did not start."
QT_Int_I_iqr,QT_Int,11.0,,,,MISSING,AGGREGATED,"Beat-level series is defined by ECGDeli v1.1. Median, IQR and count were not computed because ECGDeli did not start."
QT_Int_I_count,QT_Int,12.0,,,,MISSING,AGGREGATED,"Beat-level series is defined by ECGDeli v1.1. Median, IQR and count were not computed because ECGDeli did not start."
QT_Int_II,QT_Int,395.0,,,,MISSING,AGGREGATED,"Beat-level series is defined by ECGDeli v1.1. Median, IQR and count were not computed because ECGDeli did not start."
QT_Int_II_iqr,QT_Int,75.5,,,,MISSING,AGGREGATED,"Beat-level series is defined by ECGDeli v1.1. Median, IQR and count were not computed because ECGDeli did not start."
QT_Int_II_count,QT_Int,12.0,,,,MISSING,AGGREGATED,"Beat-level series is defined by ECGDeli v1.1. Median, IQR and count were not computed because ECGDeli did not start."
QT_Int_III,QT_Int,432.0,,,,MISSING,AGGREGATED,"Beat-level series is defined by ECGDeli v1.1. Median, IQR and count were not computed because ECGDeli did not start."
QT_Int_III_iqr,QT_Int,37.0,,,,MISSING,AGGREGATED,"Beat-level series is defined by ECGDeli v1.1. Median, IQR and count were not computed because ECGDeli did not start."
QT_Int_III_count,QT_Int,12.0,,,,MISSING,AGGREGATED,"Beat-level series is defined by ECGDeli v1.1. Median, IQR and count were not computed because ECGDeli did not start."
QT_Int_V1,QT_Int,393.0,,,,MISSING,AGGREGATED,"Beat-level series is defined by ECGDeli v1.1. Median, IQR and count were not computed because ECGDeli did not start."
QT_Int_V1_iqr,QT_Int,98.0,,,,MISSING,AGGREGATED,"Beat-level series is defined by ECGDeli v1.1. Median, IQR and count were not computed because ECGDeli did not start."
QT_Int_V1_count,QT_Int,12.0,,,,MISSING,AGGREGATED,"Beat-level series is defined by ECGDeli v1.1. Median, IQR and count were not computed because ECGDeli did not start."
QT_Int_V2,QT_Int,448.0,,,,MISSING,AGGREGATED,"Beat-level series is defined by ECGDeli v1.1. Median, IQR and count were not computed because ECGDeli did not start."
QT_Int_V2_iqr,QT_Int,10.0,,,,MISSING,AGGREGATED,"Beat-level series is defined by ECGDeli v1.1. Median, IQR and count were not computed because ECGDeli did not start."
QT_Int_V2_count,QT_Int,12.0,,,,MISSING,AGGREGATED,"Beat-level series is defined by ECGDeli v1.1. Median, IQR and count were not computed because ECGDeli did not start."
QT_Int_V3,QT_Int,416.0,,,,MISSING,AGGREGATED,"Beat-level series is defined by ECGDeli v1.1. Median, IQR and count were not computed because ECGDeli did not start."
QT_Int_V3_iqr,QT_Int,4.5,,,,MISSING,AGGREGATED,"Beat-level series is defined by ECGDeli v1.1. Median, IQR and count were not computed because ECGDeli did not start."
QT_Int_V3_count,QT_Int,12.0,,,,MISSING,AGGREGATED,"Beat-level series is defined by ECGDeli v1.1. Median, IQR and count were not computed because ECGDeli did not start."
QT_Int_V4,QT_Int,433.0,,,,MISSING,AGGREGATED,"Beat-level series is defined by ECGDeli v1.1. Median, IQR and count were not computed because ECGDeli did not start."
QT_Int_V4_iqr,QT_Int,7.5,,,,MISSING,AGGREGATED,"Beat-level series is defined by ECGDeli v1.1. Median, IQR and count were not computed because ECGDeli did not start."
QT_Int_V4_count,QT_Int,12.0,,,,MISSING,AGGREGATED,"Beat-level series is defined by ECGDeli v1.1. Median, IQR and count were not computed because ECGDeli did not start."
QT_Int_V5,QT_Int,381.0,,,,MISSING,AGGREGATED,"Beat-level series is defined by ECGDeli v1.1. Median, IQR and count were not computed because ECGDeli did not start."
QT_Int_V5_iqr,QT_Int,23.0,,,,MISSING,AGGREGATED,"Beat-level series is defined by ECGDeli v1.1. Median, IQR and count were not computed because ECGDeli did not start."
QT_Int_V5_count,QT_Int,12.0,,,,MISSING,AGGREGATED,"Beat-level series is defined by ECGDeli v1.1. Median, IQR and count were not computed because ECGDeli did not start."
QT_Int_V6,QT_Int,388.0,,,,MISSING,AGGREGATED,"Beat-level series is defined by ECGDeli v1.1. Median, IQR and count were not computed because ECGDeli did not start."
QT_Int_V6_iqr,QT_Int,7.0,,,,MISSING,AGGREGATED,"Beat-level series is defined by ECGDeli v1.1. Median, IQR and count were not computed because ECGDeli did not start."
QT_Int_V6_count,QT_Int,12.0,,,,MISSING,AGGREGATED,"Beat-level series is defined by ECGDeli v1.1. Median, IQR and count were not computed because ECGDeli did not start."
QT_Int_aVF,QT_Int,396.0,,,,MISSING,AGGREGATED,"Beat-level series is defined by ECGDeli v1.1. Median, IQR and count were not computed because ECGDeli did not start."
QT_Int_aVF_iqr,QT_Int,4.5,,,,MISSING,AGGREGATED,"Beat-level series is defined by ECGDeli v1.1. Median, IQR and count were not computed because ECGDeli did not start."
QT_Int_aVF_count,QT_Int,12.0,,,,MISSING,AGGREGATED,"Beat-level series is defined by ECGDeli v1.1. Median, IQR and count were not computed because ECGDeli did not start."
QT_Int_aVL,QT_Int,414.0,,,,MISSING,AGGREGATED,"Beat-level series is defined by ECGDeli v1.1. Median, IQR and count were not computed because ECGDeli did not start."
QT_Int_aVL_iqr,QT_Int,6.5,,,,MISSING,AGGREGATED,"Beat-level series is defined by ECGDeli v1.1. Median, IQR and count were not computed because ECGDeli did not start."
QT_Int_aVL_count,QT_Int,12.0,,,,MISSING,AGGREGATED,"Beat-level series is defined by ECGDeli v1.1. Median, IQR and count were not computed because ECGDeli did not start."
QT_Int_aVR,QT_Int,487.0,,,,MISSING,AGGREGATED,"Beat-level series is defined by ECGDeli v1.1. Median, IQR and count were not computed because ECGDeli did not start."
QT_Int_aVR_iqr,QT_Int,77.5,,,,MISSING,AGGREGATED,"Beat-level series is defined by ECGDeli v1.1. Median, IQR and count were not computed because ECGDeli did not start."
QT_Int_aVR_count,QT_Int,12.0,,,,MISSING,AGGREGATED,"Beat-level series is defined by ECGDeli v1.1. Median, IQR and count were not computed because ECGDeli did not start."
QT_Int_Global,QT_Int,499.0,,,,NOT_REPRODUCIBLE,UNKNOWN,Dictionary wording says max across leads. ECGDeli sync features use the 2nd-latest minus 2nd-earliest boundary. Neither statistic was selected.
QT_Int_Global_iqr,QT_Int,66.5,,,,NOT_REPRODUCIBLE,UNKNOWN,Dictionary wording says max across leads. ECGDeli sync features use the 2nd-latest minus 2nd-earliest boundary. Neither statistic was selected.
QT_Int_Global_count,QT_Int,12.0,,,,NOT_REPRODUCIBLE,UNKNOWN,Dictionary wording says max across leads. ECGDeli sync features use the 2nd-latest minus 2nd-earliest boundary. Neither statistic was selected.
R_Amp_I,R_Amp,1.6,,,,MISSING,AGGREGATED,"Beat-level series is defined by ECGDeli v1.1. Median, IQR and count were not computed because ECGDeli did not start."
R_Amp_I_iqr,R_Amp,0.1224999999999998,,,,MISSING,AGGREGATED,"Beat-level series is defined by ECGDeli v1.1. Median, IQR and count were not computed because ECGDeli did not start."
R_Amp_I_count,R_Amp,12.0,,,,MISSING,AGGREGATED,"Beat-level series is defined by ECGDeli v1.1. Median, IQR and count were not computed because ECGDeli did not start."
R_Amp_II,R_Amp,0.975,,,,MISSING,AGGREGATED,"Beat-level series is defined by ECGDeli v1.1. Median, IQR and count were not computed because ECGDeli did not start."
R_Amp_II_iqr,R_Amp,0.045,,,,MISSING,AGGREGATED,"Beat-level series is defined by ECGDeli v1.1. Median, IQR and count were not computed because ECGDeli did not start."
R_Amp_II_count,R_Amp,12.0,,,,MISSING,AGGREGATED,"Beat-level series is defined by ECGDeli v1.1. Median, IQR and count were not computed because ECGDeli did not start."
R_Amp_III,R_Amp,-0.71,,,,MISSING,AGGREGATED,"Beat-level series is defined by ECGDeli v1.1. Median, IQR and count were not computed because ECGDeli did not start."
R_Amp_III_iqr,R_Amp,0.14,,,,MISSING,AGGREGATED,"Beat-level series is defined by ECGDeli v1.1. Median, IQR and count were not computed because ECGDeli did not start."
R_Amp_III_count,R_Amp,12.0,,,,MISSING,AGGREGATED,"Beat-level series is defined by ECGDeli v1.1. Median, IQR and count were not computed because ECGDeli did not start."
R_Amp_V1,R_Amp,-0.955,,,,MISSING,AGGREGATED,"Beat-level series is defined by ECGDeli v1.1. Median, IQR and count were not computed because ECGDeli did not start."
R_Amp_V1_iqr,R_Amp,0.1149999999999999,,,,MISSING,AGGREGATED,"Beat-level series is defined by ECGDeli v1.1. Median, IQR and count were not computed because ECGDeli did not start."
R_Amp_V1_count,R_Amp,12.0,,,,MISSING,AGGREGATED,"Beat-level series is defined by ECGDeli v1.1. Median, IQR and count were not computed because ECGDeli did not start."
R_Amp_V2,R_Amp,0.885,,,,MISSING,AGGREGATED,"Beat-level series is defined by ECGDeli v1.1. Median, IQR and count were not computed because ECGDeli did not start."
R_Amp_V2_iqr,R_Amp,0.075,,,,MISSING,AGGREGATED,"Beat-level series is defined by ECGDeli v1.1. Median, IQR and count were not computed because ECGDeli did not start."
R_Amp_V2_count,R_Amp,12.0,,,,MISSING,AGGREGATED,"Beat-level series is defined by ECGDeli v1.1. Median, IQR and count were not computed because ECGDeli did not start."
R_Amp_V3,R_Amp,1.68,,,,MISSING,AGGREGATED,"Beat-level series is defined by ECGDeli v1.1. Median, IQR and count were not computed because ECGDeli did not start."
R_Amp_V3_iqr,R_Amp,0.0949999999999999,,,,MISSING,AGGREGATED,"Beat-level series is defined by ECGDeli v1.1. Median, IQR and count were not computed because ECGDeli did not start."
R_Amp_V3_count,R_Amp,12.0,,,,MISSING,AGGREGATED,"Beat-level series is defined by ECGDeli v1.1. Median, IQR and count were not computed because ECGDeli did not start."
R_Amp_V4,R_Amp,1.835,,,,MISSING,AGGREGATED,"Beat-level series is defined by ECGDeli v1.1. Median, IQR and count were not computed because ECGDeli did not start."
R_Amp_V4_iqr,R_Amp,0.1624999999999998,,,,MISSING,AGGREGATED,"Beat-level series is defined by ECGDeli v1.1. Median, IQR and count were not computed because ECGDeli did not start."
R_Amp_V4_count,R_Amp,12.0,,,,MISSING,AGGREGATED,"Beat-level series is defined by ECGDeli v1.1. Median, IQR and count were not computed because ECGDeli did not start."
R_Amp_V5,R_Amp,1.6,,,,MISSING,AGGREGATED,"Beat-level series is defined by ECGDeli v1.1. Median, IQR and count were not computed because ECGDeli did not start."
R_Amp_V5_iqr,R_Amp,0.0749999999999997,,,,MISSING,AGGREGATED,"Beat-level series is defined by ECGDeli v1.1. Median, IQR and count were not computed because ECGDeli did not start."
R_Amp_V5_count,R_Amp,12.0,,,,MISSING,AGGREGATED,"Beat-level series is defined by ECGDeli v1.1. Median, IQR and count were not computed because ECGDeli did not start."
R_Amp_V6,R_Amp,1.17,,,,MISSING,AGGREGATED,"Beat-level series is defined by ECGDeli v1.1. Median, IQR and count were not computed because ECGDeli did not start."
R_Amp_V6_iqr,R_Amp,0.0524999999999999,,,,MISSING,AGGREGATED,"Beat-level series is defined by ECGDeli v1.1. Median, IQR and count were not computed because ECGDeli did not start."
R_Amp_V6_count,R_Amp,12.0,,,,MISSING,AGGREGATED,"Beat-level series is defined by ECGDeli v1.1. Median, IQR and count were not computed because ECGDeli did not start."
R_Amp_aVF,R_Amp,0.255,,,,MISSING,AGGREGATED,"Beat-level series is defined by ECGDeli v1.1. Median, IQR and count were not computed because ECGDeli did not start."
R_Amp_aVF_iqr,R_Amp,0.09,,,,MISSING,AGGREGATED,"Beat-level series is defined by ECGDeli v1.1. Median, IQR and count were not computed because ECGDeli did not start."
R_Amp_aVF_count,R_Amp,12.0,,,,MISSING,AGGREGATED,"Beat-level series is defined by ECGDeli v1.1. Median, IQR and count were not computed because ECGDeli did not start."
R_Amp_aVL,R_Amp,1.15,,,,MISSING,AGGREGATED,"Beat-level series is defined by ECGDeli v1.1. Median, IQR and count were not computed because ECGDeli did not start."
R_Amp_aVL_iqr,R_Amp,0.1549999999999998,,,,MISSING,AGGREGATED,"Beat-level series is defined by ECGDeli v1.1. Median, IQR and count were not computed because ECGDeli did not start."
R_Amp_aVL_count,R_Amp,12.0,,,,MISSING,AGGREGATED,"Beat-level series is defined by ECGDeli v1.1. Median, IQR and count were not computed because ECGDeli did not start."
R_Amp_aVR,R_Amp,-1.3,,,,MISSING,AGGREGATED,"Beat-level series is defined by ECGDeli v1.1. Median, IQR and count were not computed because ECGDeli did not start."
R_Amp_aVR_iqr,R_Amp,0.09,,,,MISSING,AGGREGATED,"Beat-level series is defined by ECGDeli v1.1. Median, IQR and count were not computed because ECGDeli did not start."
R_Amp_aVR_count,R_Amp,12.0,,,,MISSING,AGGREGATED,"Beat-level series is defined by ECGDeli v1.1. Median, IQR and count were not computed because ECGDeli did not start."
RR_Mean_Global,RR_Mean,862.0,,,,NOT_REPRODUCIBLE,UNKNOWN,Dictionary wording says max across leads. ECGDeli sync features use the 2nd-latest minus 2nd-earliest boundary. Neither statistic was selected.
RR_Mean_Global_iqr,RR_Mean,37.0,,,,NOT_REPRODUCIBLE,UNKNOWN,Dictionary wording says max across leads. ECGDeli sync features use the 2nd-latest minus 2nd-earliest boundary. Neither statistic was selected.
RR_Mean_Global_count,RR_Mean,11.0,,,,NOT_REPRODUCIBLE,UNKNOWN,Dictionary wording says max across leads. ECGDeli sync features use the 2nd-latest minus 2nd-earliest boundary. Neither statistic was selected.
S_Amp_I,S_Amp,-0.12,,,,MISSING,AGGREGATED,"Beat-level series is defined by ECGDeli v1.1. Median, IQR and count were not computed because ECGDeli did not start."
S_Amp_I_iqr,S_Amp,0.0525,,,,MISSING,AGGREGATED,"Beat-level series is defined by ECGDeli v1.1. Median, IQR and count were not computed because ECGDeli did not start."
S_Amp_I_count,S_Amp,12.0,,,,MISSING,AGGREGATED,"Beat-level series is defined by ECGDeli v1.1. Median, IQR and count were not computed because ECGDeli did not start."
S_Amp_II,S_Amp,-0.0849999999999999,,,,MISSING,AGGREGATED,"Beat-level series is defined by ECGDeli v1.1. Median, IQR and count were not computed because ECGDeli did not start."
S_Amp_II_iqr,S_Amp,0.0375,,,,MISSING,AGGREGATED,"Beat-level series is defined by ECGDeli v1.1. Median, IQR and count were not computed because ECGDeli did not start."
S_Amp_II_count,S_Amp,12.0,,,,MISSING,AGGREGATED,"Beat-level series is defined by ECGDeli v1.1. Median, IQR and count were not computed because ECGDeli did not start."
S_Amp_III,S_Amp,-0.02,,,,MISSING,AGGREGATED,"Beat-level series is defined by ECGDeli v1.1. Median, IQR and count were not computed because ECGDeli did not start."
S_Amp_III_iqr,S_Amp,0.09,,,,MISSING,AGGREGATED,"Beat-level series is defined by ECGDeli v1.1. Median, IQR and count were not computed because ECGDeli did not start."
S_Amp_III_count,S_Amp,12.0,,,,MISSING,AGGREGATED,"Beat-level series is defined by ECGDeli v1.1. Median, IQR and count were not computed because ECGDeli did not start."
S_Amp_V1,S_Amp,0.02,,,,MISSING,AGGREGATED,"Beat-level series is defined by ECGDeli v1.1. Median, IQR and count were not computed because ECGDeli did not start."
S_Amp_V1_iqr,S_Amp,0.025,,,,MISSING,AGGREGATED,"Beat-level series is defined by ECGDeli v1.1. Median, IQR and count were not computed because ECGDeli did not start."
S_Amp_V1_count,S_Amp,12.0,,,,MISSING,AGGREGATED,"Beat-level series is defined by ECGDeli v1.1. Median, IQR and count were not computed because ECGDeli did not start."
S_Amp_V2,S_Amp,-0.735,,,,MISSING,AGGREGATED,"Beat-level series is defined by ECGDeli v1.1. Median, IQR and count were not computed because ECGDeli did not start."
S_Amp_V2_iqr,S_Amp,0.05,,,,MISSING,AGGREGATED,"Beat-level series is defined by ECGDeli v1.1. Median, IQR and count were not computed because ECGDeli did not start."
S_Amp_V2_count,S_Amp,12.0,,,,MISSING,AGGREGATED,"Beat-level series is defined by ECGDeli v1.1. Median, IQR and count were not computed because ECGDeli did not start."
S_Amp_V3,S_Amp,-0.325,,,,MISSING,AGGREGATED,"Beat-level series is defined by ECGDeli v1.1. Median, IQR and count were not computed because ECGDeli did not start."
S_Amp_V3_iqr,S_Amp,0.0575,,,,MISSING,AGGREGATED,"Beat-level series is defined by ECGDeli v1.1. Median, IQR and count were not computed because ECGDeli did not start."
S_Amp_V3_count,S_Amp,12.0,,,,MISSING,AGGREGATED,"Beat-level series is defined by ECGDeli v1.1. Median, IQR and count were not computed because ECGDeli did not start."
S_Amp_V4,S_Amp,-0.13,,,,MISSING,AGGREGATED,"Beat-level series is defined by ECGDeli v1.1. Median, IQR and count were not computed because ECGDeli did not start."
S_Amp_V4_iqr,S_Amp,0.03,,,,MISSING,AGGREGATED,"Beat-level series is defined by ECGDeli v1.1. Median, IQR and count were not computed because ECGDeli did not start."
S_Amp_V4_count,S_Amp,12.0,,,,MISSING,AGGREGATED,"Beat-level series is defined by ECGDeli v1.1. Median, IQR and count were not computed because ECGDeli did not start."
S_Amp_V5,S_Amp,-0.065,,,,MISSING,AGGREGATED,"Beat-level series is defined by ECGDeli v1.1. Median, IQR and count were not computed because ECGDeli did not start."
S_Amp_V5_iqr,S_Amp,0.04,,,,MISSING,AGGREGATED,"Beat-level series is defined by ECGDeli v1.1. Median, IQR and count were not computed because ECGDeli did not start."
S_Amp_V5_count,S_Amp,12.0,,,,MISSING,AGGREGATED,"Beat-level series is defined by ECGDeli v1.1. Median, IQR and count were not computed because ECGDeli did not start."
S_Amp_V6,S_Amp,-0.09,,,,MISSING,AGGREGATED,"Beat-level series is defined by ECGDeli v1.1. Median, IQR and count were not computed because ECGDeli did not start."
S_Amp_V6_iqr,S_Amp,0.0625,,,,MISSING,AGGREGATED,"Beat-level series is defined by ECGDeli v1.1. Median, IQR and count were not computed because ECGDeli did not start."
S_Amp_V6_count,S_Amp,12.0,,,,MISSING,AGGREGATED,"Beat-level series is defined by ECGDeli v1.1. Median, IQR and count were not computed because ECGDeli did not start."
S_Amp_aVF,S_Amp,-0.065,,,,MISSING,AGGREGATED,"Beat-level series is defined by ECGDeli v1.1. Median, IQR and count were not computed because ECGDeli did not start."
S_Amp_aVF_iqr,S_Amp,0.0275,,,,MISSING,AGGREGATED,"Beat-level series is defined by ECGDeli v1.1. Median, IQR and count were not computed because ECGDeli did not start."
S_Amp_aVF_count,S_Amp,12.0,,,,MISSING,AGGREGATED,"Beat-level series is defined by ECGDeli v1.1. Median, IQR and count were not computed because ECGDeli did not start."
S_Amp_aVL,S_Amp,-0.07,,,,MISSING,AGGREGATED,"Beat-level series is defined by ECGDeli v1.1. Median, IQR and count were not computed because ECGDeli did not start."
S_Amp_aVL_iqr,S_Amp,0.0699999999999999,,,,MISSING,AGGREGATED,"Beat-level series is defined by ECGDeli v1.1. Median, IQR and count were not computed because ECGDeli did not start."
S_Amp_aVL_count,S_Amp,12.0,,,,MISSING,AGGREGATED,"Beat-level series is defined by ECGDeli v1.1. Median, IQR and count were not computed because ECGDeli did not start."
S_Amp_aVR,S_Amp,0.07,,,,MISSING,AGGREGATED,"Beat-level series is defined by ECGDeli v1.1. Median, IQR and count were not computed because ECGDeli did not start."
S_Amp_aVR_iqr,S_Amp,0.035,,,,MISSING,AGGREGATED,"Beat-level series is defined by ECGDeli v1.1. Median, IQR and count were not computed because ECGDeli did not start."
S_Amp_aVR_count,S_Amp,12.0,,,,MISSING,AGGREGATED,"Beat-level series is defined by ECGDeli v1.1. Median, IQR and count were not computed because ECGDeli did not start."
ST_Elev_I,ST_Elev,-0.355,,,,NOT_REPRODUCIBLE,NOT_REPRODUCIBLE,Dictionary name STc describes Gaussian ST fits. ECGDeli v1.1 does not export that amplitude. The L point is only a sample index.
ST_Elev_I_iqr,ST_Elev,0.085,,,,NOT_REPRODUCIBLE,NOT_REPRODUCIBLE,Dictionary name STc describes Gaussian ST fits. ECGDeli v1.1 does not export that amplitude. The L point is only a sample index.
ST_Elev_I_count,ST_Elev,12.0,,,,NOT_REPRODUCIBLE,NOT_REPRODUCIBLE,Dictionary name STc describes Gaussian ST fits. ECGDeli v1.1 does not export that amplitude. The L point is only a sample index.
ST_Elev_II,ST_Elev,-0.71,,,,NOT_REPRODUCIBLE,NOT_REPRODUCIBLE,Dictionary name STc describes Gaussian ST fits. ECGDeli v1.1 does not export that amplitude. The L point is only a sample index.
ST_Elev_II_iqr,ST_Elev,0.0949999999999999,,,,NOT_REPRODUCIBLE,NOT_REPRODUCIBLE,Dictionary name STc describes Gaussian ST fits. ECGDeli v1.1 does not export that amplitude. The L point is only a sample index.
ST_Elev_II_count,ST_Elev,12.0,,,,NOT_REPRODUCIBLE,NOT_REPRODUCIBLE,Dictionary name STc describes Gaussian ST fits. ECGDeli v1.1 does not export that amplitude. The L point is only a sample index.
ST_Elev_III,ST_Elev,-0.165,,,,NOT_REPRODUCIBLE,NOT_REPRODUCIBLE,Dictionary name STc describes Gaussian ST fits. ECGDeli v1.1 does not export that amplitude. The L point is only a sample index.
ST_Elev_III_iqr,ST_Elev,0.08,,,,NOT_REPRODUCIBLE,NOT_REPRODUCIBLE,Dictionary name STc describes Gaussian ST fits. ECGDeli v1.1 does not export that amplitude. The L point is only a sample index.
ST_Elev_III_count,ST_Elev,12.0,,,,NOT_REPRODUCIBLE,NOT_REPRODUCIBLE,Dictionary name STc describes Gaussian ST fits. ECGDeli v1.1 does not export that amplitude. The L point is only a sample index.
ST_Elev_V1,ST_Elev,0.315,,,,NOT_REPRODUCIBLE,NOT_REPRODUCIBLE,Dictionary name STc describes Gaussian ST fits. ECGDeli v1.1 does not export that amplitude. The L point is only a sample index.
ST_Elev_V1_iqr,ST_Elev,0.0824999999999999,,,,NOT_REPRODUCIBLE,NOT_REPRODUCIBLE,Dictionary name STc describes Gaussian ST fits. ECGDeli v1.1 does not export that amplitude. The L point is only a sample index.
ST_Elev_V1_count,ST_Elev,12.0,,,,NOT_REPRODUCIBLE,NOT_REPRODUCIBLE,Dictionary name STc describes Gaussian ST fits. ECGDeli v1.1 does not export that amplitude. The L point is only a sample index.
ST_Elev_V2,ST_Elev,0.045,,,,NOT_REPRODUCIBLE,NOT_REPRODUCIBLE,Dictionary name STc describes Gaussian ST fits. ECGDeli v1.1 does not export that amplitude. The L point is only a sample index.
ST_Elev_V2_iqr,ST_Elev,0.055,,,,NOT_REPRODUCIBLE,NOT_REPRODUCIBLE,Dictionary name STc describes Gaussian ST fits. ECGDeli v1.1 does not export that amplitude. The L point is only a sample index.
ST_Elev_V2_count,ST_Elev,12.0,,,,NOT_REPRODUCIBLE,NOT_REPRODUCIBLE,Dictionary name STc describes Gaussian ST fits. ECGDeli v1.1 does not export that amplitude. The L point is only a sample index.
ST_Elev_V3,ST_Elev,-0.175,,,,NOT_REPRODUCIBLE,NOT_REPRODUCIBLE,Dictionary name STc describes Gaussian ST fits. ECGDeli v1.1 does not export that amplitude. The L point is only a sample index.
ST_Elev_V3_iqr,ST_Elev,0.06,,,,NOT_REPRODUCIBLE,NOT_REPRODUCIBLE,Dictionary name STc describes Gaussian ST fits. ECGDeli v1.1 does not export that amplitude. The L point is only a sample index.
ST_Elev_V3_count,ST_Elev,12.0,,,,NOT_REPRODUCIBLE,NOT_REPRODUCIBLE,Dictionary name STc describes Gaussian ST fits. ECGDeli v1.1 does not export that amplitude. The L point is only a sample index.
ST_Elev_V4,ST_Elev,-0.58,,,,NOT_REPRODUCIBLE,NOT_REPRODUCIBLE,Dictionary name STc describes Gaussian ST fits. ECGDeli v1.1 does not export that amplitude. The L point is only a sample index.
ST_Elev_V4_iqr,ST_Elev,0.1149999999999998,,,,NOT_REPRODUCIBLE,NOT_REPRODUCIBLE,Dictionary name STc describes Gaussian ST fits. ECGDeli v1.1 does not export that amplitude. The L point is only a sample index.
ST_Elev_V4_count,ST_Elev,12.0,,,,NOT_REPRODUCIBLE,NOT_REPRODUCIBLE,Dictionary name STc describes Gaussian ST fits. ECGDeli v1.1 does not export that amplitude. The L point is only a sample index.
ST_Elev_V5,ST_Elev,-0.89,,,,NOT_REPRODUCIBLE,NOT_REPRODUCIBLE,Dictionary name STc describes Gaussian ST fits. ECGDeli v1.1 does not export that amplitude. The L point is only a sample index.
ST_Elev_V5_iqr,ST_Elev,0.1224999999999999,,,,NOT_REPRODUCIBLE,NOT_REPRODUCIBLE,Dictionary name STc describes Gaussian ST fits. ECGDeli v1.1 does not export that amplitude. The L point is only a sample index.
ST_Elev_V5_count,ST_Elev,12.0,,,,NOT_REPRODUCIBLE,NOT_REPRODUCIBLE,Dictionary name STc describes Gaussian ST fits. ECGDeli v1.1 does not export that amplitude. The L point is only a sample index.
ST_Elev_V6,ST_Elev,-0.76,,,,NOT_REPRODUCIBLE,NOT_REPRODUCIBLE,Dictionary name STc describes Gaussian ST fits. ECGDeli v1.1 does not export that amplitude. The L point is only a sample index.
ST_Elev_V6_iqr,ST_Elev,0.1999999999999999,,,,NOT_REPRODUCIBLE,NOT_REPRODUCIBLE,Dictionary name STc describes Gaussian ST fits. ECGDeli v1.1 does not export that amplitude. The L point is only a sample index.
ST_Elev_V6_count,ST_Elev,12.0,,,,NOT_REPRODUCIBLE,NOT_REPRODUCIBLE,Dictionary name STc describes Gaussian ST fits. ECGDeli v1.1 does not export that amplitude. The L point is only a sample index.
ST_Elev_aVF,ST_Elev,-0.42,,,,NOT_REPRODUCIBLE,NOT_REPRODUCIBLE,Dictionary name STc describes Gaussian ST fits. ECGDeli v1.1 does not export that amplitude. The L point is only a sample index.
ST_Elev_aVF_iqr,ST_Elev,0.1099999999999999,,,,NOT_REPRODUCIBLE,NOT_REPRODUCIBLE,Dictionary name STc describes Gaussian ST fits. ECGDeli v1.1 does not export that amplitude. The L point is only a sample index.
ST_Elev_aVF_count,ST_Elev,12.0,,,,NOT_REPRODUCIBLE,NOT_REPRODUCIBLE,Dictionary name STc describes Gaussian ST fits. ECGDeli v1.1 does not export that amplitude. The L point is only a sample index.
ST_Elev_aVL,ST_Elev,-0.09,,,,NOT_REPRODUCIBLE,NOT_REPRODUCIBLE,Dictionary name STc describes Gaussian ST fits. ECGDeli v1.1 does not export that amplitude. The L point is only a sample index.
ST_Elev_aVL_iqr,ST_Elev,0.0975,,,,NOT_REPRODUCIBLE,NOT_REPRODUCIBLE,Dictionary name STc describes Gaussian ST fits. ECGDeli v1.1 does not export that amplitude. The L point is only a sample index.
ST_Elev_aVL_count,ST_Elev,12.0,,,,NOT_REPRODUCIBLE,NOT_REPRODUCIBLE,Dictionary name STc describes Gaussian ST fits. ECGDeli v1.1 does not export that amplitude. The L point is only a sample index.
ST_Elev_aVR,ST_Elev,0.605,,,,NOT_REPRODUCIBLE,NOT_REPRODUCIBLE,Dictionary name STc describes Gaussian ST fits. ECGDeli v1.1 does not export that amplitude. The L point is only a sample index.
ST_Elev_aVR_iqr,ST_Elev,0.1149999999999999,,,,NOT_REPRODUCIBLE,NOT_REPRODUCIBLE,Dictionary name STc describes Gaussian ST fits. ECGDeli v1.1 does not export that amplitude. The L point is only a sample index.
ST_Elev_aVR_count,ST_Elev,12.0,,,,NOT_REPRODUCIBLE,NOT_REPRODUCIBLE,Dictionary name STc describes Gaussian ST fits. ECGDeli v1.1 does not export that amplitude. The L point is only a sample index.
T_Amp_I,T_Amp,0.065,,,,MISSING,AGGREGATED,"Beat-level series is defined by ECGDeli v1.1. Median, IQR and count were not computed because ECGDeli did not start."
T_Amp_I_iqr,T_Amp,0.03,,,,MISSING,AGGREGATED,"Beat-level series is defined by ECGDeli v1.1. Median, IQR and count were not computed because ECGDeli did not start."
T_Amp_I_count,T_Amp,12.0,,,,MISSING,AGGREGATED,"Beat-level series is defined by ECGDeli v1.1. Median, IQR and count were not computed because ECGDeli did not start."
T_Amp_II,T_Amp,-0.1,,,,MISSING,AGGREGATED,"Beat-level series is defined by ECGDeli v1.1. Median, IQR and count were not computed because ECGDeli did not start."
T_Amp_II_iqr,T_Amp,0.025,,,,MISSING,AGGREGATED,"Beat-level series is defined by ECGDeli v1.1. Median, IQR and count were not computed because ECGDeli did not start."
T_Amp_II_count,T_Amp,12.0,,,,MISSING,AGGREGATED,"Beat-level series is defined by ECGDeli v1.1. Median, IQR and count were not computed because ECGDeli did not start."
T_Amp_III,T_Amp,-0.15,,,,MISSING,AGGREGATED,"Beat-level series is defined by ECGDeli v1.1. Median, IQR and count were not computed because ECGDeli did not start."
T_Amp_III_iqr,T_Amp,0.055,,,,MISSING,AGGREGATED,"Beat-level series is defined by ECGDeli v1.1. Median, IQR and count were not computed because ECGDeli did not start."
T_Amp_III_count,T_Amp,12.0,,,,MISSING,AGGREGATED,"Beat-level series is defined by ECGDeli v1.1. Median, IQR and count were not computed because ECGDeli did not start."
T_Amp_V1,T_Amp,0.11,,,,MISSING,AGGREGATED,"Beat-level series is defined by ECGDeli v1.1. Median, IQR and count were not computed because ECGDeli did not start."
T_Amp_V1_iqr,T_Amp,0.0249999999999999,,,,MISSING,AGGREGATED,"Beat-level series is defined by ECGDeli v1.1. Median, IQR and count were not computed because ECGDeli did not start."
T_Amp_V1_count,T_Amp,12.0,,,,MISSING,AGGREGATED,"Beat-level series is defined by ECGDeli v1.1. Median, IQR and count were not computed because ECGDeli did not start."
T_Amp_V2,T_Amp,0.29,,,,MISSING,AGGREGATED,"Beat-level series is defined by ECGDeli v1.1. Median, IQR and count were not computed because ECGDeli did not start."
T_Amp_V2_iqr,T_Amp,0.0399999999999999,,,,MISSING,AGGREGATED,"Beat-level series is defined by ECGDeli v1.1. Median, IQR and count were not computed because ECGDeli did not start."
T_Amp_V2_count,T_Amp,12.0,,,,MISSING,AGGREGATED,"Beat-level series is defined by ECGDeli v1.1. Median, IQR and count were not computed because ECGDeli did not start."
T_Amp_V3,T_Amp,0.17,,,,MISSING,AGGREGATED,"Beat-level series is defined by ECGDeli v1.1. Median, IQR and count were not computed because ECGDeli did not start."
T_Amp_V3_iqr,T_Amp,0.0375,,,,MISSING,AGGREGATED,"Beat-level series is defined by ECGDeli v1.1. Median, IQR and count were not computed because ECGDeli did not start."
T_Amp_V3_count,T_Amp,12.0,,,,MISSING,AGGREGATED,"Beat-level series is defined by ECGDeli v1.1. Median, IQR and count were not computed because ECGDeli did not start."
T_Amp_V4,T_Amp,0.055,,,,MISSING,AGGREGATED,"Beat-level series is defined by ECGDeli v1.1. Median, IQR and count were not computed because ECGDeli did not start."
T_Amp_V4_iqr,T_Amp,0.035,,,,MISSING,AGGREGATED,"Beat-level series is defined by ECGDeli v1.1. Median, IQR and count were not computed because ECGDeli did not start."
T_Amp_V4_count,T_Amp,12.0,,,,MISSING,AGGREGATED,"Beat-level series is defined by ECGDeli v1.1. Median, IQR and count were not computed because ECGDeli did not start."
T_Amp_V5,T_Amp,-0.115,,,,MISSING,AGGREGATED,"Beat-level series is defined by ECGDeli v1.1. Median, IQR and count were not computed because ECGDeli did not start."
T_Amp_V5_iqr,T_Amp,0.0475,,,,MISSING,AGGREGATED,"Beat-level series is defined by ECGDeli v1.1. Median, IQR and count were not computed because ECGDeli did not start."
T_Amp_V5_count,T_Amp,12.0,,,,MISSING,AGGREGATED,"Beat-level series is defined by ECGDeli v1.1. Median, IQR and count were not computed because ECGDeli did not start."
T_Amp_V6,T_Amp,-0.11,,,,MISSING,AGGREGATED,"Beat-level series is defined by ECGDeli v1.1. Median, IQR and count were not computed because ECGDeli did not start."
T_Amp_V6_iqr,T_Amp,0.0575,,,,MISSING,AGGREGATED,"Beat-level series is defined by ECGDeli v1.1. Median, IQR and count were not computed because ECGDeli did not start."
T_Amp_V6_count,T_Amp,12.0,,,,MISSING,AGGREGATED,"Beat-level series is defined by ECGDeli v1.1. Median, IQR and count were not computed because ECGDeli did not start."
T_Amp_aVF,T_Amp,-0.1149999999999999,,,,MISSING,AGGREGATED,"Beat-level series is defined by ECGDeli v1.1. Median, IQR and count were not computed because ECGDeli did not start."
T_Amp_aVF_iqr,T_Amp,0.0425,,,,MISSING,AGGREGATED,"Beat-level series is defined by ECGDeli v1.1. Median, IQR and count were not computed because ECGDeli did not start."
T_Amp_aVF_count,T_Amp,12.0,,,,MISSING,AGGREGATED,"Beat-level series is defined by ECGDeli v1.1. Median, IQR and count were not computed because ECGDeli did not start."
T_Amp_aVL,T_Amp,0.1,,,,MISSING,AGGREGATED,"Beat-level series is defined by ECGDeli v1.1. Median, IQR and count were not computed because ECGDeli did not start."
T_Amp_aVL_iqr,T_Amp,0.0424999999999999,,,,MISSING,AGGREGATED,"Beat-level series is defined by ECGDeli v1.1. Median, IQR and count were not computed because ECGDeli did not start."
T_Amp_aVL_count,T_Amp,12.0,,,,MISSING,AGGREGATED,"Beat-level series is defined by ECGDeli v1.1. Median, IQR and count were not computed because ECGDeli did not start."
T_Amp_aVR,T_Amp,-0.015,,,,MISSING,AGGREGATED,"Beat-level series is defined by ECGDeli v1.1. Median, IQR and count were not computed because ECGDeli did not start."
T_Amp_aVR_iqr,T_Amp,0.0225,,,,MISSING,AGGREGATED,"Beat-level series is defined by ECGDeli v1.1. Median, IQR and count were not computed because ECGDeli did not start."
T_Amp_aVR_count,T_Amp,12.0,,,,MISSING,AGGREGATED,"Beat-level series is defined by ECGDeli v1.1. Median, IQR and count were not computed because ECGDeli did not start."
T_DurFull_I,T_DurFull,142.0,,,,MISSING,AGGREGATED,"Beat-level series is defined by ECGDeli v1.1. Median, IQR and count were not computed because ECGDeli did not start."
T_DurFull_I_iqr,T_DurFull,9.5,,,,MISSING,AGGREGATED,"Beat-level series is defined by ECGDeli v1.1. Median, IQR and count were not computed because ECGDeli did not start."
T_DurFull_I_count,T_DurFull,12.0,,,,MISSING,AGGREGATED,"Beat-level series is defined by ECGDeli v1.1. Median, IQR and count were not computed because ECGDeli did not start."
T_DurFull_II,T_DurFull,178.0,,,,MISSING,AGGREGATED,"Beat-level series is defined by ECGDeli v1.1. Median, IQR and count were not computed because ECGDeli did not start."
T_DurFull_II_iqr,T_DurFull,77.0,,,,MISSING,AGGREGATED,"Beat-level series is defined by ECGDeli v1.1. Median, IQR and count were not computed because ECGDeli did not start."
T_DurFull_II_count,T_DurFull,12.0,,,,MISSING,AGGREGATED,"Beat-level series is defined by ECGDeli v1.1. Median, IQR and count were not computed because ECGDeli did not start."
T_DurFull_III,T_DurFull,142.0,,,,MISSING,AGGREGATED,"Beat-level series is defined by ECGDeli v1.1. Median, IQR and count were not computed because ECGDeli did not start."
T_DurFull_III_iqr,T_DurFull,4.0,,,,MISSING,AGGREGATED,"Beat-level series is defined by ECGDeli v1.1. Median, IQR and count were not computed because ECGDeli did not start."
T_DurFull_III_count,T_DurFull,12.0,,,,MISSING,AGGREGATED,"Beat-level series is defined by ECGDeli v1.1. Median, IQR and count were not computed because ECGDeli did not start."
T_DurFull_V1,T_DurFull,141.0,,,,MISSING,AGGREGATED,"Beat-level series is defined by ECGDeli v1.1. Median, IQR and count were not computed because ECGDeli did not start."
T_DurFull_V1_iqr,T_DurFull,100.0,,,,MISSING,AGGREGATED,"Beat-level series is defined by ECGDeli v1.1. Median, IQR and count were not computed because ECGDeli did not start."
T_DurFull_V1_count,T_DurFull,12.0,,,,MISSING,AGGREGATED,"Beat-level series is defined by ECGDeli v1.1. Median, IQR and count were not computed because ECGDeli did not start."
T_DurFull_V2,T_DurFull,138.0,,,,MISSING,AGGREGATED,"Beat-level series is defined by ECGDeli v1.1. Median, IQR and count were not computed because ECGDeli did not start."
T_DurFull_V2_iqr,T_DurFull,2.0,,,,MISSING,AGGREGATED,"Beat-level series is defined by ECGDeli v1.1. Median, IQR and count were not computed because ECGDeli did not start."
T_DurFull_V2_count,T_DurFull,12.0,,,,MISSING,AGGREGATED,"Beat-level series is defined by ECGDeli v1.1. Median, IQR and count were not computed because ECGDeli did not start."
T_DurFull_V3,T_DurFull,136.0,,,,MISSING,AGGREGATED,"Beat-level series is defined by ECGDeli v1.1. Median, IQR and count were not computed because ECGDeli did not start."
T_DurFull_V3_iqr,T_DurFull,4.5,,,,MISSING,AGGREGATED,"Beat-level series is defined by ECGDeli v1.1. Median, IQR and count were not computed because ECGDeli did not start."
T_DurFull_V3_count,T_DurFull,12.0,,,,MISSING,AGGREGATED,"Beat-level series is defined by ECGDeli v1.1. Median, IQR and count were not computed because ECGDeli did not start."
T_DurFull_V4,T_DurFull,169.0,,,,MISSING,AGGREGATED,"Beat-level series is defined by ECGDeli v1.1. Median, IQR and count were not computed because ECGDeli did not start."
T_DurFull_V4_iqr,T_DurFull,75.0,,,,MISSING,AGGREGATED,"Beat-level series is defined by ECGDeli v1.1. Median, IQR and count were not computed because ECGDeli did not start."
T_DurFull_V4_count,T_DurFull,12.0,,,,MISSING,AGGREGATED,"Beat-level series is defined by ECGDeli v1.1. Median, IQR and count were not computed because ECGDeli did not start."
T_DurFull_V5,T_DurFull,159.0,,,,MISSING,AGGREGATED,"Beat-level series is defined by ECGDeli v1.1. Median, IQR and count were not computed because ECGDeli did not start."
T_DurFull_V5_iqr,T_DurFull,66.5,,,,MISSING,AGGREGATED,"Beat-level series is defined by ECGDeli v1.1. Median, IQR and count were not computed because ECGDeli did not start."
T_DurFull_V5_count,T_DurFull,12.0,,,,MISSING,AGGREGATED,"Beat-level series is defined by ECGDeli v1.1. Median, IQR and count were not computed because ECGDeli did not start."
T_DurFull_V6,T_DurFull,156.0,,,,MISSING,AGGREGATED,"Beat-level series is defined by ECGDeli v1.1. Median, IQR and count were not computed because ECGDeli did not start."
T_DurFull_V6_iqr,T_DurFull,52.5,,,,MISSING,AGGREGATED,"Beat-level series is defined by ECGDeli v1.1. Median, IQR and count were not computed because ECGDeli did not start."
T_DurFull_V6_count,T_DurFull,12.0,,,,MISSING,AGGREGATED,"Beat-level series is defined by ECGDeli v1.1. Median, IQR and count were not computed because ECGDeli did not start."
T_DurFull_aVF,T_DurFull,143.0,,,,MISSING,AGGREGATED,"Beat-level series is defined by ECGDeli v1.1. Median, IQR and count were not computed because ECGDeli did not start."
T_DurFull_aVF_iqr,T_DurFull,5.0,,,,MISSING,AGGREGATED,"Beat-level series is defined by ECGDeli v1.1. Median, IQR and count were not computed because ECGDeli did not start."
T_DurFull_aVF_count,T_DurFull,12.0,,,,MISSING,AGGREGATED,"Beat-level series is defined by ECGDeli v1.1. Median, IQR and count were not computed because ECGDeli did not start."
T_DurFull_aVL,T_DurFull,142.0,,,,MISSING,AGGREGATED,"Beat-level series is defined by ECGDeli v1.1. Median, IQR and count were not computed because ECGDeli did not start."
T_DurFull_aVL_iqr,T_DurFull,8.5,,,,MISSING,AGGREGATED,"Beat-level series is defined by ECGDeli v1.1. Median, IQR and count were not computed because ECGDeli did not start."
T_DurFull_aVL_count,T_DurFull,12.0,,,,MISSING,AGGREGATED,"Beat-level series is defined by ECGDeli v1.1. Median, IQR and count were not computed because ECGDeli did not start."
T_DurFull_aVR,T_DurFull,210.0,,,,MISSING,AGGREGATED,"Beat-level series is defined by ECGDeli v1.1. Median, IQR and count were not computed because ECGDeli did not start."
T_DurFull_aVR_iqr,T_DurFull,75.5,,,,MISSING,AGGREGATED,"Beat-level series is defined by ECGDeli v1.1. Median, IQR and count were not computed because ECGDeli did not start."
T_DurFull_aVR_count,T_DurFull,12.0,,,,MISSING,AGGREGATED,"Beat-level series is defined by ECGDeli v1.1. Median, IQR and count were not computed because ECGDeli did not start."
T_Dur_Global,T_Dur,252.0,,,,NOT_REPRODUCIBLE,UNKNOWN,Dictionary wording says max across leads. ECGDeli sync features use the 2nd-latest minus 2nd-earliest boundary. Neither statistic was selected.
T_Dur_Global_iqr,T_Dur,69.5,,,,NOT_REPRODUCIBLE,UNKNOWN,Dictionary wording says max across leads. ECGDeli sync features use the 2nd-latest minus 2nd-earliest boundary. Neither statistic was selected.
T_Dur_Global_count,T_Dur,12.0,,,,NOT_REPRODUCIBLE,UNKNOWN,Dictionary wording says max across leads. ECGDeli sync features use the 2nd-latest minus 2nd-earliest boundary. Neither statistic was selected.
HA__Global,HA,2.0,,,,NOT_REPRODUCIBLE,NOT_REPRODUCIBLE,ECGDeli v1.1 has no elHA function. Axis class was not invented.
HA__Global_iqr,HA,0.0,,,,NOT_REPRODUCIBLE,NOT_REPRODUCIBLE,ECGDeli v1.1 has no elHA function. Axis class was not invented.
HA__Global_count,HA,1.0,,,,NOT_REPRODUCIBLE,NOT_REPRODUCIBLE,ECGDeli v1.1 has no elHA function. Axis class was not invented.
