preprocessing_id,feature,published,reconstructed,abs_error,exact_1e6
NOT_EXECUTED,P_Morph_I,1.0,,,False
NOT_EXECUTED,P_Morph_I_iqr,0.0,,,False
NOT_EXECUTED,P_Morph_I_count,12.0,,,False
NOT_EXECUTED,P_Morph_II,1.0,,,False
NOT_EXECUTED,P_Morph_II_iqr,0.0,,,False
NOT_EXECUTED,P_Morph_II_count,12.0,,,False
NOT_EXECUTED,P_Morph_III,1.0,,,False
NOT_EXECUTED,P_Morph_III_iqr,1.25,,,False
NOT_EXECUTED,P_Morph_III_count,12.0,,,False
NOT_EXECUTED,P_Morph_V1,2.0,,,False
NOT_EXECUTED,P_Morph_V1_iqr,0.0,,,False
NOT_EXECUTED,P_Morph_V1_count,12.0,,,False
NOT_EXECUTED,P_Morph_V2,1.0,,,False
NOT_EXECUTED,P_Morph_V2_iqr,0.25,,,False
NOT_EXECUTED,P_Morph_V2_count,12.0,,,False
NOT_EXECUTED,P_Morph_V3,1.0,,,False
NOT_EXECUTED,P_Morph_V3_iqr,0.0,,,False
NOT_EXECUTED,P_Morph_V3_count,12.0,,,False
NOT_EXECUTED,P_Morph_V4,1.0,,,False
NOT_EXECUTED,P_Morph_V4_iqr,0.0,,,False
NOT_EXECUTED,P_Morph_V4_count,12.0,,,False
NOT_EXECUTED,P_Morph_V5,1.0,,,False
NOT_EXECUTED,P_Morph_V5_iqr,0.0,,,False
NOT_EXECUTED,P_Morph_V5_count,12.0,,,False
NOT_EXECUTED,P_Morph_V6,1.0,,,False
NOT_EXECUTED,P_Morph_V6_iqr,0.0,,,False
NOT_EXECUTED,P_Morph_V6_count,12.0,,,False
NOT_EXECUTED,P_Morph_aVF,1.0,,,False
NOT_EXECUTED,P_Morph_aVF_iqr,0.0,,,False
NOT_EXECUTED,P_Morph_aVF_count,12.0,,,False
NOT_EXECUTED,P_Morph_aVL,1.0,,,False
NOT_EXECUTED,P_Morph_aVL_iqr,0.0,,,False
NOT_EXECUTED,P_Morph_aVL_count,12.0,,,False
NOT_EXECUTED,P_Morph_aVR,-1.0,,,False
NOT_EXECUTED,P_Morph_aVR_iqr,0.0,,,False
NOT_EXECUTED,P_Morph_aVR_count,12.0,,,False
