feature,candidate_formula,reconstructed_value,published_value,absolute_error,exact_match
ST_Elev_I,raw500_L_minus_QRS_onset__index_zero__v2_points_on_same_name_channel,-0.034499999999999996,-0.355,0.3205,False
ST_Elev_I_iqr,raw500_L_minus_QRS_onset__index_zero__v2_points_on_same_name_channel,0.015999999999999997,0.085,0.069,False
ST_Elev_I_count,raw500_L_minus_QRS_onset__index_zero__v2_points_on_same_name_channel,12.0,12.0,0.0,True
ST_Elev_I,raw500_L_minus_P_offset__index_zero__v2_points_on_same_name_channel,-0.036000000000000004,-0.355,0.31899999999999995,False
ST_Elev_I_iqr,raw500_L_minus_P_offset__index_zero__v2_points_on_same_name_channel,0.019749999999999997,0.085,0.06525,False
ST_Elev_I_count,raw500_L_minus_P_offset__index_zero__v2_points_on_same_name_channel,12.0,12.0,0.0,True
ST_Elev_I,raw500_L_minus_median_Poffset_to_QRSonset__index_zero__v2_points_on_same_name_channel,-0.03925000000000001,-0.355,0.31575,False
ST_Elev_I_iqr,raw500_L_minus_median_Poffset_to_QRSonset__index_zero__v2_points_on_same_name_channel,0.01625,0.085,0.06875,False
ST_Elev_I_count,raw500_L_minus_median_Poffset_to_QRSonset__index_zero__v2_points_on_same_name_channel,12.0,12.0,0.0,True
ST_Elev_I,raw500_L_minus_QRS_onset__index_one__v2_points_on_same_name_channel,-0.0395,-0.355,0.3155,False
ST_Elev_I_iqr,raw500_L_minus_QRS_onset__index_one__v2_points_on_same_name_channel,0.018500000000000003,0.085,0.0665,False
ST_Elev_I_count,raw500_L_minus_QRS_onset__index_one__v2_points_on_same_name_channel,12.0,12.0,0.0,True
ST_Elev_I,raw500_L_minus_P_offset__index_one__v2_points_on_same_name_channel,-0.038,-0.355,0.317,False
ST_Elev_I_iqr,raw500_L_minus_P_offset__index_one__v2_points_on_same_name_channel,0.021250000000000005,0.085,0.06375,False
ST_Elev_I_count,raw500_L_minus_P_offset__index_one__v2_points_on_same_name_channel,12.0,12.0,0.0,True
ST_Elev_I,raw500_L_minus_median_Poffset_to_QRSonset__index_one__v2_points_on_same_name_channel,-0.04025,-0.355,0.31475,False
ST_Elev_I_iqr,raw500_L_minus_median_Poffset_to_QRSonset__index_one__v2_points_on_same_name_channel,0.017,0.085,0.068,False
ST_Elev_I_count,raw500_L_minus_median_Poffset_to_QRSonset__index_one__v2_points_on_same_name_channel,12.0,12.0,0.0,True
ST_Elev_II,raw500_L_minus_QRS_onset__index_zero__v2_points_on_same_name_channel,-0.07450000000000001,-0.71,0.6355,False
ST_Elev_II_iqr,raw500_L_minus_QRS_onset__index_zero__v2_points_on_same_name_channel,0.01675,0.0949999999999999,0.0782499999999999,False
ST_Elev_II_count,raw500_L_minus_QRS_onset__index_zero__v2_points_on_same_name_channel,12.0,12.0,0.0,True
ST_Elev_II,raw500_L_minus_P_offset__index_zero__v2_points_on_same_name_channel,-0.084,-0.71,0.626,False
ST_Elev_II_iqr,raw500_L_minus_P_offset__index_zero__v2_points_on_same_name_channel,0.02075000000000002,0.0949999999999999,0.07424999999999989,False
ST_Elev_II_count,raw500_L_minus_P_offset__index_zero__v2_points_on_same_name_channel,12.0,12.0,0.0,True
ST_Elev_II,raw500_L_minus_median_Poffset_to_QRSonset__index_zero__v2_points_on_same_name_channel,-0.082,-0.71,0.628,False
ST_Elev_II_iqr,raw500_L_minus_median_Poffset_to_QRSonset__index_zero__v2_points_on_same_name_channel,0.020250000000000018,0.0949999999999999,0.07474999999999989,False
ST_Elev_II_count,raw500_L_minus_median_Poffset_to_QRSonset__index_zero__v2_points_on_same_name_channel,12.0,12.0,0.0,True
ST_Elev_II,raw500_L_minus_QRS_onset__index_one__v2_points_on_same_name_channel,-0.07750000000000001,-0.71,0.6325,False
ST_Elev_II_iqr,raw500_L_minus_QRS_onset__index_one__v2_points_on_same_name_channel,0.01575,0.0949999999999999,0.0792499999999999,False
ST_Elev_II_count,raw500_L_minus_QRS_onset__index_one__v2_points_on_same_name_channel,12.0,12.0,0.0,True
ST_Elev_II,raw500_L_minus_P_offset__index_one__v2_points_on_same_name_channel,-0.08549999999999999,-0.71,0.6244999999999999,False
ST_Elev_II_iqr,raw500_L_minus_P_offset__index_one__v2_points_on_same_name_channel,0.021750000000000005,0.0949999999999999,0.0732499999999999,False
ST_Elev_II_count,raw500_L_minus_P_offset__index_one__v2_points_on_same_name_channel,12.0,12.0,0.0,True
ST_Elev_II,raw500_L_minus_median_Poffset_to_QRSonset__index_one__v2_points_on_same_name_channel,-0.08275,-0.71,0.62725,False
ST_Elev_II_iqr,raw500_L_minus_median_Poffset_to_QRSonset__index_one__v2_points_on_same_name_channel,0.02250000000000002,0.0949999999999999,0.07249999999999988,False
ST_Elev_II_count,raw500_L_minus_median_Poffset_to_QRSonset__index_one__v2_points_on_same_name_channel,12.0,12.0,0.0,True
ST_Elev_III,raw500_L_minus_QRS_onset__index_zero__v2_points_on_same_name_channel,-0.028499999999999998,-0.165,0.1365,False
ST_Elev_III_iqr,raw500_L_minus_QRS_onset__index_zero__v2_points_on_same_name_channel,0.012000000000000007,0.08,0.06799999999999999,False
ST_Elev_III_count,raw500_L_minus_QRS_onset__index_zero__v2_points_on_same_name_channel,12.0,12.0,0.0,True
ST_Elev_III,raw500_L_minus_P_offset__index_zero__v2_points_on_same_name_channel,-0.026000000000000002,-0.165,0.139,False
ST_Elev_III_iqr,raw500_L_minus_P_offset__index_zero__v2_points_on_same_name_channel,0.018500000000000006,0.08,0.0615,False
ST_Elev_III_count,raw500_L_minus_P_offset__index_zero__v2_points_on_same_name_channel,12.0,12.0,0.0,True
ST_Elev_III,raw500_L_minus_median_Poffset_to_QRSonset__index_zero__v2_points_on_same_name_channel,-0.033,-0.165,0.132,False
ST_Elev_III_iqr,raw500_L_minus_median_Poffset_to_QRSonset__index_zero__v2_points_on_same_name_channel,0.009499999999999995,0.08,0.07050000000000001,False
ST_Elev_III_count,raw500_L_minus_median_Poffset_to_QRSonset__index_zero__v2_points_on_same_name_channel,4.0,12.0,8.0,False
ST_Elev_III,raw500_L_minus_QRS_onset__index_one__v2_points_on_same_name_channel,-0.028,-0.165,0.137,False
ST_Elev_III_iqr,raw500_L_minus_QRS_onset__index_one__v2_points_on_same_name_channel,0.017,0.08,0.063,False
ST_Elev_III_count,raw500_L_minus_QRS_onset__index_one__v2_points_on_same_name_channel,12.0,12.0,0.0,True
ST_Elev_III,raw500_L_minus_P_offset__index_one__v2_points_on_same_name_channel,-0.019000000000000003,-0.165,0.14600000000000002,False
ST_Elev_III_iqr,raw500_L_minus_P_offset__index_one__v2_points_on_same_name_channel,0.022750000000000006,0.08,0.057249999999999995,False
ST_Elev_III_count,raw500_L_minus_P_offset__index_one__v2_points_on_same_name_channel,12.0,12.0,0.0,True
ST_Elev_III,raw500_L_minus_median_Poffset_to_QRSonset__index_one__v2_points_on_same_name_channel,-0.029,-0.165,0.136,False
ST_Elev_III_iqr,raw500_L_minus_median_Poffset_to_QRSonset__index_one__v2_points_on_same_name_channel,0.006000000000000002,0.08,0.074,False
ST_Elev_III_count,raw500_L_minus_median_Poffset_to_QRSonset__index_one__v2_points_on_same_name_channel,4.0,12.0,8.0,False
ST_Elev_aVR,raw500_L_minus_QRS_onset__index_zero__v2_points_on_same_name_channel,0.05900000000000001,0.605,0.5459999999999999,False
ST_Elev_aVR_iqr,raw500_L_minus_QRS_onset__index_zero__v2_points_on_same_name_channel,0.010249999999999995,0.1149999999999999,0.1047499999999999,False
ST_Elev_aVR_count,raw500_L_minus_QRS_onset__index_zero__v2_points_on_same_name_channel,12.0,12.0,0.0,True
ST_Elev_aVR,raw500_L_minus_P_offset__index_zero__v2_points_on_same_name_channel,0.063,0.605,0.542,False
ST_Elev_aVR_iqr,raw500_L_minus_P_offset__index_zero__v2_points_on_same_name_channel,0.020000000000000004,0.1149999999999999,0.09499999999999989,False
ST_Elev_aVR_count,raw500_L_minus_P_offset__index_zero__v2_points_on_same_name_channel,12.0,12.0,0.0,True
ST_Elev_aVR,raw500_L_minus_median_Poffset_to_QRSonset__index_zero__v2_points_on_same_name_channel,0.064,0.605,0.5409999999999999,False
ST_Elev_aVR_iqr,raw500_L_minus_median_Poffset_to_QRSonset__index_zero__v2_points_on_same_name_channel,0.01824999999999999,0.1149999999999999,0.0967499999999999,False
ST_Elev_aVR_count,raw500_L_minus_median_Poffset_to_QRSonset__index_zero__v2_points_on_same_name_channel,11.0,12.0,1.0,False
ST_Elev_aVR,raw500_L_minus_QRS_onset__index_one__v2_points_on_same_name_channel,0.063,0.605,0.542,False
ST_Elev_aVR_iqr,raw500_L_minus_QRS_onset__index_one__v2_points_on_same_name_channel,0.013499999999999998,0.1149999999999999,0.1014999999999999,False
ST_Elev_aVR_count,raw500_L_minus_QRS_onset__index_one__v2_points_on_same_name_channel,12.0,12.0,0.0,True
ST_Elev_aVR,raw500_L_minus_P_offset__index_one__v2_points_on_same_name_channel,0.0665,0.605,0.5385,False
ST_Elev_aVR_iqr,raw500_L_minus_P_offset__index_one__v2_points_on_same_name_channel,0.019000000000000003,0.1149999999999999,0.09599999999999989,False
ST_Elev_aVR_count,raw500_L_minus_P_offset__index_one__v2_points_on_same_name_channel,12.0,12.0,0.0,True
ST_Elev_aVR,raw500_L_minus_median_Poffset_to_QRSonset__index_one__v2_points_on_same_name_channel,0.069,0.605,0.536,False
ST_Elev_aVR_iqr,raw500_L_minus_median_Poffset_to_QRSonset__index_one__v2_points_on_same_name_channel,0.017500000000000016,0.1149999999999999,0.09749999999999988,False
ST_Elev_aVR_count,raw500_L_minus_median_Poffset_to_QRSonset__index_one__v2_points_on_same_name_channel,11.0,12.0,1.0,False
ST_Elev_aVL,raw500_L_minus_QRS_onset__index_zero__v2_points_on_same_name_channel,-0.003999999999999993,-0.09,0.08600000000000001,False
ST_Elev_aVL_iqr,raw500_L_minus_QRS_onset__index_zero__v2_points_on_same_name_channel,0.012499999999999995,0.0975,0.085,False
ST_Elev_aVL_count,raw500_L_minus_QRS_onset__index_zero__v2_points_on_same_name_channel,12.0,12.0,0.0,True
ST_Elev_aVL,raw500_L_minus_P_offset__index_zero__v2_points_on_same_name_channel,-0.0014999999999999979,-0.09,0.0885,False
ST_Elev_aVL_iqr,raw500_L_minus_P_offset__index_zero__v2_points_on_same_name_channel,0.017749999999999988,0.0975,0.07975000000000002,False
ST_Elev_aVL_count,raw500_L_minus_P_offset__index_zero__v2_points_on_same_name_channel,12.0,12.0,0.0,True
ST_Elev_aVL,raw500_L_minus_median_Poffset_to_QRSonset__index_zero__v2_points_on_same_name_channel,-0.0024999999999999988,-0.09,0.0875,False
ST_Elev_aVL_iqr,raw500_L_minus_median_Poffset_to_QRSonset__index_zero__v2_points_on_same_name_channel,0.013999999999999992,0.0975,0.08350000000000002,False
ST_Elev_aVL_count,raw500_L_minus_median_Poffset_to_QRSonset__index_zero__v2_points_on_same_name_channel,12.0,12.0,0.0,True
ST_Elev_aVL,raw500_L_minus_QRS_onset__index_one__v2_points_on_same_name_channel,-0.000999999999999994,-0.09,0.089,False
ST_Elev_aVL_iqr,raw500_L_minus_QRS_onset__index_one__v2_points_on_same_name_channel,0.013249999999999998,0.0975,0.08425,False
ST_Elev_aVL_count,raw500_L_minus_QRS_onset__index_one__v2_points_on_same_name_channel,12.0,12.0,0.0,True
ST_Elev_aVL,raw500_L_minus_P_offset__index_one__v2_points_on_same_name_channel,0.0019999999999999983,-0.09,0.092,False
ST_Elev_aVL_iqr,raw500_L_minus_P_offset__index_one__v2_points_on_same_name_channel,0.01425,0.0975,0.08325,False
ST_Elev_aVL_count,raw500_L_minus_P_offset__index_one__v2_points_on_same_name_channel,12.0,12.0,0.0,True
ST_Elev_aVL,raw500_L_minus_median_Poffset_to_QRSonset__index_one__v2_points_on_same_name_channel,-0.0014999999999999944,-0.09,0.0885,False
ST_Elev_aVL_iqr,raw500_L_minus_median_Poffset_to_QRSonset__index_one__v2_points_on_same_name_channel,0.011875000000000004,0.0975,0.085625,False
ST_Elev_aVL_count,raw500_L_minus_median_Poffset_to_QRSonset__index_one__v2_points_on_same_name_channel,12.0,12.0,0.0,True
ST_Elev_aVF,raw500_L_minus_QRS_onset__index_zero__v2_points_on_same_name_channel,-0.0455,-0.42,0.3745,False
ST_Elev_aVF_iqr,raw500_L_minus_QRS_onset__index_zero__v2_points_on_same_name_channel,0.020000000000000004,0.1099999999999999,0.0899999999999999,False
ST_Elev_aVF_count,raw500_L_minus_QRS_onset__index_zero__v2_points_on_same_name_channel,12.0,12.0,0.0,True
ST_Elev_aVF,raw500_L_minus_P_offset__index_zero__v2_points_on_same_name_channel,-0.0505,-0.42,0.3695,False
ST_Elev_aVF_iqr,raw500_L_minus_P_offset__index_zero__v2_points_on_same_name_channel,0.03,0.1099999999999999,0.0799999999999999,False
ST_Elev_aVF_count,raw500_L_minus_P_offset__index_zero__v2_points_on_same_name_channel,12.0,12.0,0.0,True
ST_Elev_aVF,raw500_L_minus_median_Poffset_to_QRSonset__index_zero__v2_points_on_same_name_channel,-0.05225,-0.42,0.36774999999999997,False
ST_Elev_aVF_iqr,raw500_L_minus_median_Poffset_to_QRSonset__index_zero__v2_points_on_same_name_channel,0.02500000000000001,0.1099999999999999,0.0849999999999999,False
ST_Elev_aVF_count,raw500_L_minus_median_Poffset_to_QRSonset__index_zero__v2_points_on_same_name_channel,10.0,12.0,2.0,False
ST_Elev_aVF,raw500_L_minus_QRS_onset__index_one__v2_points_on_same_name_channel,-0.0485,-0.42,0.3715,False
ST_Elev_aVF_iqr,raw500_L_minus_QRS_onset__index_one__v2_points_on_same_name_channel,0.0215,0.1099999999999999,0.08849999999999991,False
ST_Elev_aVF_count,raw500_L_minus_QRS_onset__index_one__v2_points_on_same_name_channel,12.0,12.0,0.0,True
ST_Elev_aVF,raw500_L_minus_P_offset__index_one__v2_points_on_same_name_channel,-0.051,-0.42,0.369,False
ST_Elev_aVF_iqr,raw500_L_minus_P_offset__index_one__v2_points_on_same_name_channel,0.02975,0.1099999999999999,0.0802499999999999,False
ST_Elev_aVF_count,raw500_L_minus_P_offset__index_one__v2_points_on_same_name_channel,12.0,12.0,0.0,True
ST_Elev_aVF,raw500_L_minus_median_Poffset_to_QRSonset__index_one__v2_points_on_same_name_channel,-0.05275,-0.42,0.36724999999999997,False
ST_Elev_aVF_iqr,raw500_L_minus_median_Poffset_to_QRSonset__index_one__v2_points_on_same_name_channel,0.0235,0.1099999999999999,0.08649999999999991,False
ST_Elev_aVF_count,raw500_L_minus_median_Poffset_to_QRSonset__index_one__v2_points_on_same_name_channel,10.0,12.0,2.0,False
ST_Elev_V1,raw500_L_minus_QRS_onset__index_zero__v2_points_on_same_name_channel,0.0485,0.315,0.2665,False
ST_Elev_V1_iqr,raw500_L_minus_QRS_onset__index_zero__v2_points_on_same_name_channel,0.016,0.0824999999999999,0.0664999999999999,False
ST_Elev_V1_count,raw500_L_minus_QRS_onset__index_zero__v2_points_on_same_name_channel,12.0,12.0,0.0,True
ST_Elev_V1,raw500_L_minus_P_offset__index_zero__v2_points_on_same_name_channel,0.0435,0.315,0.2715,False
ST_Elev_V1_iqr,raw500_L_minus_P_offset__index_zero__v2_points_on_same_name_channel,0.014750000000000006,0.0824999999999999,0.0677499999999999,False
ST_Elev_V1_count,raw500_L_minus_P_offset__index_zero__v2_points_on_same_name_channel,12.0,12.0,0.0,True
ST_Elev_V1,raw500_L_minus_median_Poffset_to_QRSonset__index_zero__v2_points_on_same_name_channel,0.05,0.315,0.265,False
ST_Elev_V1_iqr,raw500_L_minus_median_Poffset_to_QRSonset__index_zero__v2_points_on_same_name_channel,0.017000000000000008,0.0824999999999999,0.06549999999999989,False
ST_Elev_V1_count,raw500_L_minus_median_Poffset_to_QRSonset__index_zero__v2_points_on_same_name_channel,8.0,12.0,4.0,False
ST_Elev_V1,raw500_L_minus_QRS_onset__index_one__v2_points_on_same_name_channel,0.05,0.315,0.265,False
ST_Elev_V1_iqr,raw500_L_minus_QRS_onset__index_one__v2_points_on_same_name_channel,0.020500000000000004,0.0824999999999999,0.0619999999999999,False
ST_Elev_V1_count,raw500_L_minus_QRS_onset__index_one__v2_points_on_same_name_channel,12.0,12.0,0.0,True
ST_Elev_V1,raw500_L_minus_P_offset__index_one__v2_points_on_same_name_channel,0.048,0.315,0.267,False
ST_Elev_V1_iqr,raw500_L_minus_P_offset__index_one__v2_points_on_same_name_channel,0.01150000000000001,0.0824999999999999,0.0709999999999999,False
ST_Elev_V1_count,raw500_L_minus_P_offset__index_one__v2_points_on_same_name_channel,12.0,12.0,0.0,True
ST_Elev_V1,raw500_L_minus_median_Poffset_to_QRSonset__index_one__v2_points_on_same_name_channel,0.051000000000000004,0.315,0.264,False
ST_Elev_V1_iqr,raw500_L_minus_median_Poffset_to_QRSonset__index_one__v2_points_on_same_name_channel,0.014249999999999999,0.0824999999999999,0.06824999999999991,False
ST_Elev_V1_count,raw500_L_minus_median_Poffset_to_QRSonset__index_one__v2_points_on_same_name_channel,8.0,12.0,4.0,False
ST_Elev_V2,raw500_L_minus_QRS_onset__index_zero__v2_points_on_same_name_channel,0.0405,0.045,0.004499999999999997,False
ST_Elev_V2_iqr,raw500_L_minus_QRS_onset__index_zero__v2_points_on_same_name_channel,0.015750000000000007,0.055,0.03924999999999999,False
ST_Elev_V2_count,raw500_L_minus_QRS_onset__index_zero__v2_points_on_same_name_channel,12.0,12.0,0.0,True
ST_Elev_V2,raw500_L_minus_P_offset__index_zero__v2_points_on_same_name_channel,0.0455,0.045,0.0005000000000000004,False
ST_Elev_V2_iqr,raw500_L_minus_P_offset__index_zero__v2_points_on_same_name_channel,0.012500000000000004,0.055,0.042499999999999996,False
ST_Elev_V2_count,raw500_L_minus_P_offset__index_zero__v2_points_on_same_name_channel,12.0,12.0,0.0,True
ST_Elev_V2,raw500_L_minus_median_Poffset_to_QRSonset__index_zero__v2_points_on_same_name_channel,0.064,0.045,0.019000000000000003,False
ST_Elev_V2_iqr,raw500_L_minus_median_Poffset_to_QRSonset__index_zero__v2_points_on_same_name_channel,0.0,0.055,0.055,False
ST_Elev_V2_count,raw500_L_minus_median_Poffset_to_QRSonset__index_zero__v2_points_on_same_name_channel,1.0,12.0,11.0,False
ST_Elev_V2,raw500_L_minus_QRS_onset__index_one__v2_points_on_same_name_channel,0.03899999999999999,0.045,0.006000000000000005,False
ST_Elev_V2_iqr,raw500_L_minus_QRS_onset__index_one__v2_points_on_same_name_channel,0.018250000000000002,0.055,0.03675,False
ST_Elev_V2_count,raw500_L_minus_QRS_onset__index_one__v2_points_on_same_name_channel,12.0,12.0,0.0,True
ST_Elev_V2,raw500_L_minus_P_offset__index_one__v2_points_on_same_name_channel,0.043,0.045,0.0020000000000000018,False
ST_Elev_V2_iqr,raw500_L_minus_P_offset__index_one__v2_points_on_same_name_channel,0.017,0.055,0.038,False
ST_Elev_V2_count,raw500_L_minus_P_offset__index_one__v2_points_on_same_name_channel,12.0,12.0,0.0,True
ST_Elev_V2,raw500_L_minus_median_Poffset_to_QRSonset__index_one__v2_points_on_same_name_channel,0.06,0.045,0.015,False
ST_Elev_V2_iqr,raw500_L_minus_median_Poffset_to_QRSonset__index_one__v2_points_on_same_name_channel,0.0,0.055,0.055,False
ST_Elev_V2_count,raw500_L_minus_median_Poffset_to_QRSonset__index_one__v2_points_on_same_name_channel,1.0,12.0,11.0,False
ST_Elev_V3,raw500_L_minus_QRS_onset__index_zero__v2_points_on_same_name_channel,-0.014500000000000002,-0.175,0.16049999999999998,False
ST_Elev_V3_iqr,raw500_L_minus_QRS_onset__index_zero__v2_points_on_same_name_channel,0.010000000000000016,0.06,0.04999999999999998,False
ST_Elev_V3_count,raw500_L_minus_QRS_onset__index_zero__v2_points_on_same_name_channel,12.0,12.0,0.0,True
ST_Elev_V3,raw500_L_minus_P_offset__index_zero__v2_points_on_same_name_channel,-0.009999999999999995,-0.175,0.16499999999999998,False
ST_Elev_V3_iqr,raw500_L_minus_P_offset__index_zero__v2_points_on_same_name_channel,0.0155,0.06,0.0445,False
ST_Elev_V3_count,raw500_L_minus_P_offset__index_zero__v2_points_on_same_name_channel,12.0,12.0,0.0,True
ST_Elev_V3,raw500_L_minus_median_Poffset_to_QRSonset__index_zero__v2_points_on_same_name_channel,-0.012250000000000004,-0.175,0.16274999999999998,False
ST_Elev_V3_iqr,raw500_L_minus_median_Poffset_to_QRSonset__index_zero__v2_points_on_same_name_channel,0.01312499999999999,0.06,0.04687500000000001,False
ST_Elev_V3_count,raw500_L_minus_median_Poffset_to_QRSonset__index_zero__v2_points_on_same_name_channel,12.0,12.0,0.0,True
ST_Elev_V3,raw500_L_minus_QRS_onset__index_one__v2_points_on_same_name_channel,-0.014499999999999999,-0.175,0.16049999999999998,False
ST_Elev_V3_iqr,raw500_L_minus_QRS_onset__index_one__v2_points_on_same_name_channel,0.010500000000000006,0.06,0.04949999999999999,False
ST_Elev_V3_count,raw500_L_minus_QRS_onset__index_one__v2_points_on_same_name_channel,12.0,12.0,0.0,True
ST_Elev_V3,raw500_L_minus_P_offset__index_one__v2_points_on_same_name_channel,-0.009999999999999995,-0.175,0.16499999999999998,False
ST_Elev_V3_iqr,raw500_L_minus_P_offset__index_one__v2_points_on_same_name_channel,0.013000000000000001,0.06,0.047,False
ST_Elev_V3_count,raw500_L_minus_P_offset__index_one__v2_points_on_same_name_channel,12.0,12.0,0.0,True
ST_Elev_V3,raw500_L_minus_median_Poffset_to_QRSonset__index_one__v2_points_on_same_name_channel,-0.012000000000000004,-0.175,0.16299999999999998,False
ST_Elev_V3_iqr,raw500_L_minus_median_Poffset_to_QRSonset__index_one__v2_points_on_same_name_channel,0.01450000000000001,0.06,0.045499999999999985,False
ST_Elev_V3_count,raw500_L_minus_median_Poffset_to_QRSonset__index_one__v2_points_on_same_name_channel,12.0,12.0,0.0,True
ST_Elev_V4,raw500_L_minus_QRS_onset__index_zero__v2_points_on_same_name_channel,-0.068,-0.58,0.512,False
ST_Elev_V4_iqr,raw500_L_minus_QRS_onset__index_zero__v2_points_on_same_name_channel,0.01775000000000001,0.1149999999999998,0.09724999999999978,False
ST_Elev_V4_count,raw500_L_minus_QRS_onset__index_zero__v2_points_on_same_name_channel,12.0,12.0,0.0,True
ST_Elev_V4,raw500_L_minus_P_offset__index_zero__v2_points_on_same_name_channel,-0.07,-0.58,0.51,False
ST_Elev_V4_iqr,raw500_L_minus_P_offset__index_zero__v2_points_on_same_name_channel,0.01725,0.1149999999999998,0.0977499999999998,False
ST_Elev_V4_count,raw500_L_minus_P_offset__index_zero__v2_points_on_same_name_channel,12.0,12.0,0.0,True
ST_Elev_V4,raw500_L_minus_median_Poffset_to_QRSonset__index_zero__v2_points_on_same_name_channel,-0.06925,-0.58,0.5107499999999999,False
ST_Elev_V4_iqr,raw500_L_minus_median_Poffset_to_QRSonset__index_zero__v2_points_on_same_name_channel,0.016,0.1149999999999998,0.0989999999999998,False
ST_Elev_V4_count,raw500_L_minus_median_Poffset_to_QRSonset__index_zero__v2_points_on_same_name_channel,12.0,12.0,0.0,True
ST_Elev_V4,raw500_L_minus_QRS_onset__index_one__v2_points_on_same_name_channel,-0.0675,-0.58,0.5125,False
ST_Elev_V4_iqr,raw500_L_minus_QRS_onset__index_one__v2_points_on_same_name_channel,0.014499999999999999,0.1149999999999998,0.1004999999999998,False
ST_Elev_V4_count,raw500_L_minus_QRS_onset__index_one__v2_points_on_same_name_channel,12.0,12.0,0.0,True
ST_Elev_V4,raw500_L_minus_P_offset__index_one__v2_points_on_same_name_channel,-0.07,-0.58,0.51,False
ST_Elev_V4_iqr,raw500_L_minus_P_offset__index_one__v2_points_on_same_name_channel,0.012249999999999997,0.1149999999999998,0.1027499999999998,False
ST_Elev_V4_count,raw500_L_minus_P_offset__index_one__v2_points_on_same_name_channel,12.0,12.0,0.0,True
ST_Elev_V4,raw500_L_minus_median_Poffset_to_QRSonset__index_one__v2_points_on_same_name_channel,-0.07,-0.58,0.51,False
ST_Elev_V4_iqr,raw500_L_minus_median_Poffset_to_QRSonset__index_one__v2_points_on_same_name_channel,0.016375,0.1149999999999998,0.0986249999999998,False
ST_Elev_V4_count,raw500_L_minus_median_Poffset_to_QRSonset__index_one__v2_points_on_same_name_channel,12.0,12.0,0.0,True
ST_Elev_V5,raw500_L_minus_QRS_onset__index_zero__v2_points_on_same_name_channel,-0.08499999999999999,-0.89,0.805,False
ST_Elev_V5_iqr,raw500_L_minus_QRS_onset__index_zero__v2_points_on_same_name_channel,0.015249999999999986,0.1224999999999999,0.10724999999999991,False
ST_Elev_V5_count,raw500_L_minus_QRS_onset__index_zero__v2_points_on_same_name_channel,12.0,12.0,0.0,True
ST_Elev_V5,raw500_L_minus_P_offset__index_zero__v2_points_on_same_name_channel,-0.09,-0.89,0.8,False
ST_Elev_V5_iqr,raw500_L_minus_P_offset__index_zero__v2_points_on_same_name_channel,0.014249999999999985,0.1224999999999999,0.10824999999999992,False
ST_Elev_V5_count,raw500_L_minus_P_offset__index_zero__v2_points_on_same_name_channel,12.0,12.0,0.0,True
ST_Elev_V5,raw500_L_minus_median_Poffset_to_QRSonset__index_zero__v2_points_on_same_name_channel,-0.0875,-0.89,0.8025,False
ST_Elev_V5_iqr,raw500_L_minus_median_Poffset_to_QRSonset__index_zero__v2_points_on_same_name_channel,0.014999999999999986,0.1224999999999999,0.10749999999999992,False
ST_Elev_V5_count,raw500_L_minus_median_Poffset_to_QRSonset__index_zero__v2_points_on_same_name_channel,12.0,12.0,0.0,True
ST_Elev_V5,raw500_L_minus_QRS_onset__index_one__v2_points_on_same_name_channel,-0.08549999999999999,-0.89,0.8045,False
ST_Elev_V5_iqr,raw500_L_minus_QRS_onset__index_one__v2_points_on_same_name_channel,0.01525,0.1224999999999999,0.1072499999999999,False
ST_Elev_V5_count,raw500_L_minus_QRS_onset__index_one__v2_points_on_same_name_channel,12.0,12.0,0.0,True
ST_Elev_V5,raw500_L_minus_P_offset__index_one__v2_points_on_same_name_channel,-0.0895,-0.89,0.8005,False
ST_Elev_V5_iqr,raw500_L_minus_P_offset__index_one__v2_points_on_same_name_channel,0.012499999999999983,0.1224999999999999,0.10999999999999992,False
ST_Elev_V5_count,raw500_L_minus_P_offset__index_one__v2_points_on_same_name_channel,12.0,12.0,0.0,True
ST_Elev_V5,raw500_L_minus_median_Poffset_to_QRSonset__index_one__v2_points_on_same_name_channel,-0.088,-0.89,0.802,False
ST_Elev_V5_iqr,raw500_L_minus_median_Poffset_to_QRSonset__index_one__v2_points_on_same_name_channel,0.014249999999999999,0.1224999999999999,0.1082499999999999,False
ST_Elev_V5_count,raw500_L_minus_median_Poffset_to_QRSonset__index_one__v2_points_on_same_name_channel,12.0,12.0,0.0,True
ST_Elev_V6,raw500_L_minus_QRS_onset__index_zero__v2_points_on_same_name_channel,-0.0645,-0.76,0.6955,False
ST_Elev_V6_iqr,raw500_L_minus_QRS_onset__index_zero__v2_points_on_same_name_channel,0.017750000000000002,0.1999999999999999,0.1822499999999999,False
ST_Elev_V6_count,raw500_L_minus_QRS_onset__index_zero__v2_points_on_same_name_channel,12.0,12.0,0.0,True
ST_Elev_V6,raw500_L_minus_P_offset__index_zero__v2_points_on_same_name_channel,-0.0675,-0.76,0.6925,False
ST_Elev_V6_iqr,raw500_L_minus_P_offset__index_zero__v2_points_on_same_name_channel,0.01899999999999999,0.1999999999999999,0.1809999999999999,False
ST_Elev_V6_count,raw500_L_minus_P_offset__index_zero__v2_points_on_same_name_channel,12.0,12.0,0.0,True
ST_Elev_V6,raw500_L_minus_median_Poffset_to_QRSonset__index_zero__v2_points_on_same_name_channel,-0.065,-0.76,0.6950000000000001,False
ST_Elev_V6_iqr,raw500_L_minus_median_Poffset_to_QRSonset__index_zero__v2_points_on_same_name_channel,0.015499999999999993,0.1999999999999999,0.18449999999999991,False
ST_Elev_V6_count,raw500_L_minus_median_Poffset_to_QRSonset__index_zero__v2_points_on_same_name_channel,11.0,12.0,1.0,False
ST_Elev_V6,raw500_L_minus_QRS_onset__index_one__v2_points_on_same_name_channel,-0.0675,-0.76,0.6925,False
ST_Elev_V6_iqr,raw500_L_minus_QRS_onset__index_one__v2_points_on_same_name_channel,0.017499999999999988,0.1999999999999999,0.1824999999999999,False
ST_Elev_V6_count,raw500_L_minus_QRS_onset__index_one__v2_points_on_same_name_channel,12.0,12.0,0.0,True
ST_Elev_V6,raw500_L_minus_P_offset__index_one__v2_points_on_same_name_channel,-0.065,-0.76,0.6950000000000001,False
ST_Elev_V6_iqr,raw500_L_minus_P_offset__index_one__v2_points_on_same_name_channel,0.013750000000000012,0.1999999999999999,0.1862499999999999,False
ST_Elev_V6_count,raw500_L_minus_P_offset__index_one__v2_points_on_same_name_channel,12.0,12.0,0.0,True
ST_Elev_V6,raw500_L_minus_median_Poffset_to_QRSonset__index_one__v2_points_on_same_name_channel,-0.065,-0.76,0.6950000000000001,False
ST_Elev_V6_iqr,raw500_L_minus_median_Poffset_to_QRSonset__index_one__v2_points_on_same_name_channel,0.011749999999999997,0.1999999999999999,0.18824999999999992,False
ST_Elev_V6_count,raw500_L_minus_median_Poffset_to_QRSonset__index_one__v2_points_on_same_name_channel,11.0,12.0,1.0,False
ST_Elev_I,ecgfeat_two_gaussian_T_peakness_not_applied,,-0.355,,False
ST_Elev_I_iqr,ecgfeat_two_gaussian_T_peakness_not_applied,,0.085,,False
ST_Elev_I_count,ecgfeat_two_gaussian_T_peakness_not_applied,,12.0,,False
ST_Elev_II,ecgfeat_two_gaussian_T_peakness_not_applied,,-0.71,,False
ST_Elev_II_iqr,ecgfeat_two_gaussian_T_peakness_not_applied,,0.0949999999999999,,False
ST_Elev_II_count,ecgfeat_two_gaussian_T_peakness_not_applied,,12.0,,False
ST_Elev_III,ecgfeat_two_gaussian_T_peakness_not_applied,,-0.165,,False
ST_Elev_III_iqr,ecgfeat_two_gaussian_T_peakness_not_applied,,0.08,,False
ST_Elev_III_count,ecgfeat_two_gaussian_T_peakness_not_applied,,12.0,,False
ST_Elev_V1,ecgfeat_two_gaussian_T_peakness_not_applied,,0.315,,False
ST_Elev_V1_iqr,ecgfeat_two_gaussian_T_peakness_not_applied,,0.0824999999999999,,False
ST_Elev_V1_count,ecgfeat_two_gaussian_T_peakness_not_applied,,12.0,,False
ST_Elev_V2,ecgfeat_two_gaussian_T_peakness_not_applied,,0.045,,False
ST_Elev_V2_iqr,ecgfeat_two_gaussian_T_peakness_not_applied,,0.055,,False
ST_Elev_V2_count,ecgfeat_two_gaussian_T_peakness_not_applied,,12.0,,False
ST_Elev_V3,ecgfeat_two_gaussian_T_peakness_not_applied,,-0.175,,False
ST_Elev_V3_iqr,ecgfeat_two_gaussian_T_peakness_not_applied,,0.06,,False
ST_Elev_V3_count,ecgfeat_two_gaussian_T_peakness_not_applied,,12.0,,False
ST_Elev_V4,ecgfeat_two_gaussian_T_peakness_not_applied,,-0.58,,False
ST_Elev_V4_iqr,ecgfeat_two_gaussian_T_peakness_not_applied,,0.1149999999999998,,False
ST_Elev_V4_count,ecgfeat_two_gaussian_T_peakness_not_applied,,12.0,,False
ST_Elev_V5,ecgfeat_two_gaussian_T_peakness_not_applied,,-0.89,,False
ST_Elev_V5_iqr,ecgfeat_two_gaussian_T_peakness_not_applied,,0.1224999999999999,,False
ST_Elev_V5_count,ecgfeat_two_gaussian_T_peakness_not_applied,,12.0,,False
ST_Elev_V6,ecgfeat_two_gaussian_T_peakness_not_applied,,-0.76,,False
ST_Elev_V6_iqr,ecgfeat_two_gaussian_T_peakness_not_applied,,0.1999999999999999,,False
ST_Elev_V6_count,ecgfeat_two_gaussian_T_peakness_not_applied,,12.0,,False
ST_Elev_aVF,ecgfeat_two_gaussian_T_peakness_not_applied,,-0.42,,False
ST_Elev_aVF_iqr,ecgfeat_two_gaussian_T_peakness_not_applied,,0.1099999999999999,,False
ST_Elev_aVF_count,ecgfeat_two_gaussian_T_peakness_not_applied,,12.0,,False
ST_Elev_aVL,ecgfeat_two_gaussian_T_peakness_not_applied,,-0.09,,False
ST_Elev_aVL_iqr,ecgfeat_two_gaussian_T_peakness_not_applied,,0.0975,,False
ST_Elev_aVL_count,ecgfeat_two_gaussian_T_peakness_not_applied,,12.0,,False
ST_Elev_aVR,ecgfeat_two_gaussian_T_peakness_not_applied,,0.605,,False
ST_Elev_aVR_iqr,ecgfeat_two_gaussian_T_peakness_not_applied,,0.1149999999999999,,False
ST_Elev_aVR_count,ecgfeat_two_gaussian_T_peakness_not_applied,,12.0,,False
