index,feature_name,published_value,reproduced_value,absolute_difference,relative_difference,status
0,PQ_Int_I,132.0,,,,MISSING
1,PQ_Int_I_iqr,8.0,,,,MISSING
2,PQ_Int_I_count,12,,,,MISSING
3,PQ_Int_II,146.0,,,,MISSING
4,PQ_Int_II_iqr,2.0,,,,MISSING
5,PQ_Int_II_count,12,,,,MISSING
6,PQ_Int_III,156.0,,,,MISSING
7,PQ_Int_III_iqr,29.0,,,,MISSING
8,PQ_Int_III_count,12,,,,MISSING
9,PQ_Int_V1,178.0,,,,MISSING
10,PQ_Int_V1_iqr,8.5,,,,MISSING
11,PQ_Int_V1_count,12,,,,MISSING
12,PQ_Int_V2,130.0,,,,MISSING
13,PQ_Int_V2_iqr,46.5,,,,MISSING
14,PQ_Int_V2_count,12,,,,MISSING
15,PQ_Int_V3,154.0,,,,MISSING
16,PQ_Int_V3_iqr,8.0,,,,MISSING
17,PQ_Int_V3_count,12,,,,MISSING
18,PQ_Int_V4,147.0,,,,MISSING
19,PQ_Int_V4_iqr,6.0,,,,MISSING
20,PQ_Int_V4_count,12,,,,MISSING
21,PQ_Int_V5,148.0,,,,MISSING
22,PQ_Int_V5_iqr,12.5,,,,MISSING
23,PQ_Int_V5_count,12,,,,MISSING
24,PQ_Int_V6,140.0,,,,MISSING
25,PQ_Int_V6_iqr,5.0,,,,MISSING
26,PQ_Int_V6_count,12,,,,MISSING
27,PQ_Int_aVF,160.0,,,,MISSING
28,PQ_Int_aVF_iqr,14.5,,,,MISSING
29,PQ_Int_aVF_count,12,,,,MISSING
30,PQ_Int_aVL,124.0,,,,MISSING
31,PQ_Int_aVL_iqr,9.0,,,,MISSING
32,PQ_Int_aVL_count,12,,,,MISSING
33,PQ_Int_aVR,138.0,,,,MISSING
34,PQ_Int_aVR_iqr,4.5,,,,MISSING
35,PQ_Int_aVR_count,12,,,,MISSING
36,PQ_Int_Global,193.0,,,,MISSING
37,PQ_Int_Global_iqr,38.0,,,,MISSING
38,PQ_Int_Global_count,12,,,,MISSING
39,PR_Int_I,189.0,,,,MISSING
40,PR_Int_I_iqr,6.5,,,,MISSING
41,PR_Int_I_count,12,,,,MISSING
42,PR_Int_II,202.0,,,,MISSING
43,PR_Int_II_iqr,2.0,,,,MISSING
44,PR_Int_II_count,12,,,,MISSING
45,PR_Int_III,254.0,,,,MISSING
46,PR_Int_III_iqr,49.5,,,,MISSING
47,PR_Int_III_count,12,,,,MISSING
48,PR_Int_V1,237.0,,,,MISSING
49,PR_Int_V1_iqr,8.5,,,,MISSING
50,PR_Int_V1_count,12,,,,MISSING
51,PR_Int_V2,221.0,,,,MISSING
52,PR_Int_V2_iqr,51.0,,,,MISSING
53,PR_Int_V2_count,12,,,,MISSING
54,PR_Int_V3,212.0,,,,MISSING
55,PR_Int_V3_iqr,9.0,,,,MISSING
56,PR_Int_V3_count,12,,,,MISSING
57,PR_Int_V4,202.0,,,,MISSING
58,PR_Int_V4_iqr,5.5,,,,MISSING
59,PR_Int_V4_count,12,,,,MISSING
60,PR_Int_V5,204.0,,,,MISSING
61,PR_Int_V5_iqr,14.0,,,,MISSING
62,PR_Int_V5_count,12,,,,MISSING
63,PR_Int_V6,196.0,,,,MISSING
64,PR_Int_V6_iqr,5.0,,,,MISSING
65,PR_Int_V6_count,12,,,,MISSING
66,PR_Int_aVF,216.0,,,,MISSING
67,PR_Int_aVF_iqr,15.0,,,,MISSING
68,PR_Int_aVF_count,12,,,,MISSING
69,PR_Int_aVL,182.0,,,,MISSING
70,PR_Int_aVL_iqr,9.0,,,,MISSING
71,PR_Int_aVL_count,12,,,,MISSING
72,PR_Int_aVR,196.0,,,,MISSING
73,PR_Int_aVR_iqr,6.0,,,,MISSING
74,PR_Int_aVR_count,12,,,,MISSING
75,PR_Int_Global,250.0,,,,MISSING
76,PR_Int_Global_iqr,38.0,,,,MISSING
77,PR_Int_Global_count,12,,,,MISSING
78,P_Amp_I,0.075,,,,MISSING
79,P_Amp_I_iqr,0.0325,,,,MISSING
80,P_Amp_I_count,12,,,,MISSING
81,P_Amp_II,0.125,,,,MISSING
82,P_Amp_II_iqr,0.0325,,,,MISSING
83,P_Amp_II_count,12,,,,MISSING
84,P_Amp_III,0.075,,,,MISSING
85,P_Amp_III_iqr,0.0249999999999999,,,,MISSING
86,P_Amp_III_count,12,,,,MISSING
87,P_Amp_V1,-0.04,,,,MISSING
88,P_Amp_V1_iqr,0.0025,,,,MISSING
89,P_Amp_V1_count,12,,,,MISSING
90,P_Amp_V2,-0.04,,,,MISSING
91,P_Amp_V2_iqr,0.01,,,,MISSING
92,P_Amp_V2_count,12,,,,MISSING
93,P_Amp_V3,-0.04,,,,MISSING
94,P_Amp_V3_iqr,0.035,,,,MISSING
95,P_Amp_V3_count,12,,,,MISSING
96,P_Amp_V4,0.025,,,,MISSING
97,P_Amp_V4_iqr,0.0275,,,,MISSING
98,P_Amp_V4_count,12,,,,MISSING
99,P_Amp_V5,0.03,,,,MISSING
100,P_Amp_V5_iqr,0.0375,,,,MISSING
101,P_Amp_V5_count,12,,,,MISSING
102,P_Amp_V6,0.04,,,,MISSING
103,P_Amp_V6_iqr,0.05,,,,MISSING
104,P_Amp_V6_count,12,,,,MISSING
105,P_Amp_aVF,0.09,,,,MISSING
106,P_Amp_aVF_iqr,0.0325,,,,MISSING
107,P_Amp_aVF_count,12,,,,MISSING
108,P_Amp_aVL,0.02,,,,MISSING
109,P_Amp_aVL_iqr,0.045,,,,MISSING
110,P_Amp_aVL_count,12,,,,MISSING
111,P_Amp_aVR,-0.095,,,,MISSING
112,P_Amp_aVR_iqr,0.02,,,,MISSING
113,P_Amp_aVR_count,12,,,,MISSING
114,P_DurFull_I,120.0,,,,MISSING
115,P_DurFull_I_iqr,3.0,,,,MISSING
116,P_DurFull_I_count,12,,,,MISSING
117,P_DurFull_II,133.0,,,,MISSING
118,P_DurFull_II_iqr,4.5,,,,MISSING
119,P_DurFull_II_count,12,,,,MISSING
120,P_DurFull_III,156.0,,,,MISSING
121,P_DurFull_III_iqr,30.0,,,,MISSING
122,P_DurFull_III_count,12,,,,MISSING
123,P_DurFull_V1,176.0,,,,MISSING
124,P_DurFull_V1_iqr,5.0,,,,MISSING
125,P_DurFull_V1_count,12,,,,MISSING
126,P_DurFull_V2,132.0,,,,MISSING
127,P_DurFull_V2_iqr,52.0,,,,MISSING
128,P_DurFull_V2_count,12,,,,MISSING
129,P_DurFull_V3,134.0,,,,MISSING
130,P_DurFull_V3_iqr,18.0,,,,MISSING
131,P_DurFull_V3_count,12,,,,MISSING
132,P_DurFull_V4,135.0,,,,MISSING
133,P_DurFull_V4_iqr,6.5,,,,MISSING
134,P_DurFull_V4_count,12,,,,MISSING
135,P_DurFull_V5,140.0,,,,MISSING
136,P_DurFull_V5_iqr,13.5,,,,MISSING
137,P_DurFull_V5_count,12,,,,MISSING
138,P_DurFull_V6,133.0,,,,MISSING
139,P_DurFull_V6_iqr,7.0,,,,MISSING
140,P_DurFull_V6_count,12,,,,MISSING
141,P_DurFull_aVF,148.0,,,,MISSING
142,P_DurFull_aVF_iqr,33.0,,,,MISSING
143,P_DurFull_aVF_count,12,,,,MISSING
144,P_DurFull_aVL,114.0,,,,MISSING
145,P_DurFull_aVL_iqr,4.5,,,,MISSING
146,P_DurFull_aVL_count,12,,,,MISSING
147,P_DurFull_aVR,126.0,,,,MISSING
148,P_DurFull_aVR_iqr,3.0,,,,MISSING
149,P_DurFull_aVR_count,12,,,,MISSING
150,P_Dur_Global,192.0,,,,MISSING
151,P_Dur_Global_iqr,39.0,,,,MISSING
152,P_Dur_Global_count,12,,,,MISSING
153,P_Morph_I,1.0,,,,MISSING
154,P_Morph_I_iqr,0.0,,,,MISSING
155,P_Morph_I_count,12,,,,MISSING
156,P_Morph_II,1.0,,,,MISSING
157,P_Morph_II_iqr,0.0,,,,MISSING
158,P_Morph_II_count,12,,,,MISSING
159,P_Morph_III,1.0,,,,MISSING
160,P_Morph_III_iqr,1.25,,,,MISSING
161,P_Morph_III_count,12,,,,MISSING
162,P_Morph_V1,2.0,,,,MISSING
163,P_Morph_V1_iqr,0.0,,,,MISSING
164,P_Morph_V1_count,12,,,,MISSING
165,P_Morph_V2,1.0,,,,MISSING
166,P_Morph_V2_iqr,0.25,,,,MISSING
167,P_Morph_V2_count,12,,,,MISSING
168,P_Morph_V3,1.0,,,,MISSING
169,P_Morph_V3_iqr,0.0,,,,MISSING
170,P_Morph_V3_count,12,,,,MISSING
171,P_Morph_V4,1.0,,,,MISSING
172,P_Morph_V4_iqr,0.0,,,,MISSING
173,P_Morph_V4_count,12,,,,MISSING
174,P_Morph_V5,1.0,,,,MISSING
175,P_Morph_V5_iqr,0.0,,,,MISSING
176,P_Morph_V5_count,12,,,,MISSING
177,P_Morph_V6,1.0,,,,MISSING
178,P_Morph_V6_iqr,0.0,,,,MISSING
179,P_Morph_V6_count,12,,,,MISSING
180,P_Morph_aVF,1.0,,,,MISSING
181,P_Morph_aVF_iqr,0.0,,,,MISSING
182,P_Morph_aVF_count,12,,,,MISSING
183,P_Morph_aVL,1.0,,,,MISSING
184,P_Morph_aVL_iqr,0.0,,,,MISSING
185,P_Morph_aVL_count,12,,,,MISSING
186,P_Morph_aVR,-1.0,,,,MISSING
187,P_Morph_aVR_iqr,0.0,,,,MISSING
188,P_Morph_aVR_count,12,,,,MISSING
189,Q_Amp_I,-0.14,,,,MISSING
190,Q_Amp_I_iqr,0.0425,,,,MISSING
191,Q_Amp_I_count,12,,,,MISSING
192,Q_Amp_II,-0.14,,,,MISSING
193,Q_Amp_II_iqr,0.0325,,,,MISSING
194,Q_Amp_II_count,12,,,,MISSING
195,Q_Amp_III,0.06,,,,MISSING
196,Q_Amp_III_iqr,0.035,,,,MISSING
197,Q_Amp_III_count,12,,,,MISSING
198,Q_Amp_V1,0.2,,,,MISSING
199,Q_Amp_V1_iqr,0.0399999999999999,,,,MISSING
200,Q_Amp_V1_count,12,,,,MISSING
201,Q_Amp_V2,-0.0849999999999999,,,,MISSING
202,Q_Amp_V2_iqr,0.0224999999999999,,,,MISSING
203,Q_Amp_V2_count,12,,,,MISSING
204,Q_Amp_V3,-0.045,,,,MISSING
205,Q_Amp_V3_iqr,0.0325,,,,MISSING
206,Q_Amp_V3_count,12,,,,MISSING
207,Q_Amp_V4,-0.1,,,,MISSING
208,Q_Amp_V4_iqr,0.0125,,,,MISSING
209,Q_Amp_V4_count,12,,,,MISSING
210,Q_Amp_V5,-0.17,,,,MISSING
211,Q_Amp_V5_iqr,0.0375,,,,MISSING
212,Q_Amp_V5_count,12,,,,MISSING
213,Q_Amp_V6,-0.155,,,,MISSING
214,Q_Amp_V6_iqr,0.0499999999999999,,,,MISSING
215,Q_Amp_V6_count,12,,,,MISSING
216,Q_Amp_aVF,-0.105,,,,MISSING
217,Q_Amp_aVF_iqr,0.0375,,,,MISSING
218,Q_Amp_aVF_count,12,,,,MISSING
219,Q_Amp_aVL,-0.075,,,,MISSING
220,Q_Amp_aVL_iqr,0.0424999999999999,,,,MISSING
221,Q_Amp_aVL_count,12,,,,MISSING
222,Q_Amp_aVR,0.145,,,,MISSING
223,Q_Amp_aVR_iqr,0.0325,,,,MISSING
224,Q_Amp_aVR_count,12,,,,MISSING
225,QRS_Dur_I,145.0,,,,MISSING
226,QRS_Dur_I_iqr,10.0,,,,MISSING
227,QRS_Dur_I_count,12,,,,MISSING
228,QRS_Dur_II,114.0,,,,MISSING
229,QRS_Dur_II_iqr,0.5,,,,MISSING
230,QRS_Dur_II_count,12,,,,MISSING
231,QRS_Dur_III,154.0,,,,MISSING
232,QRS_Dur_III_iqr,15.0,,,,MISSING
233,QRS_Dur_III_count,12,,,,MISSING
234,QRS_Dur_V1,134.0,,,,MISSING
235,QRS_Dur_V1_iqr,5.5,,,,MISSING
236,QRS_Dur_V1_count,12,,,,MISSING
237,QRS_Dur_V2,142.0,,,,MISSING
238,QRS_Dur_V2_iqr,11.5,,,,MISSING
239,QRS_Dur_V2_count,12,,,,MISSING
240,QRS_Dur_V3,108.0,,,,MISSING
241,QRS_Dur_V3_iqr,0.0,,,,MISSING
242,QRS_Dur_V3_count,12,,,,MISSING
243,QRS_Dur_V4,108.0,,,,MISSING
244,QRS_Dur_V4_iqr,2.0,,,,MISSING
245,QRS_Dur_V4_count,12,,,,MISSING
246,QRS_Dur_V5,114.0,,,,MISSING
247,QRS_Dur_V5_iqr,2.0,,,,MISSING
248,QRS_Dur_V5_count,12,,,,MISSING
249,QRS_Dur_V6,120.0,,,,MISSING
250,QRS_Dur_V6_iqr,9.5,,,,MISSING
251,QRS_Dur_V6_count,12,,,,MISSING
252,QRS_Dur_aVF,108.0,,,,MISSING
253,QRS_Dur_aVF_iqr,2.5,,,,MISSING
254,QRS_Dur_aVF_count,12,,,,MISSING
255,QRS_Dur_aVL,145.0,,,,MISSING
256,QRS_Dur_aVL_iqr,16.0,,,,MISSING
257,QRS_Dur_aVL_count,12,,,,MISSING
258,QRS_Dur_aVR,119.0,,,,MISSING
259,QRS_Dur_aVR_iqr,28.5,,,,MISSING
260,QRS_Dur_aVR_count,12,,,,MISSING
261,QRS_Dur_Global,162.0,,,,MISSING
262,QRS_Dur_Global_iqr,30.5,,,,MISSING
263,QRS_Dur_Global_count,12,,,,MISSING
264,QT_IntCorr_I,442.795,,,,MISSING
265,QT_IntCorr_I_iqr,7.542500000000018,,,,MISSING
266,QT_IntCorr_I_count,12,,,,MISSING
267,QT_IntCorr_II,419.795,,,,MISSING
268,QT_IntCorr_II_iqr,76.11500000000001,,,,MISSING
269,QT_IntCorr_II_count,12,,,,MISSING
270,QT_IntCorr_III,451.25,,,,MISSING
271,QT_IntCorr_III_iqr,42.347500000000025,,,,MISSING
272,QT_IntCorr_III_count,12,,,,MISSING
273,QT_IntCorr_V1,416.405,,,,MISSING
274,QT_IntCorr_V1_iqr,95.075,,,,MISSING
275,QT_IntCorr_V1_count,12,,,,MISSING
276,QT_IntCorr_V2,466.405,,,,MISSING
277,QT_IntCorr_V2_iqr,11.120000000000005,,,,MISSING
278,QT_IntCorr_V2_count,12,,,,MISSING
279,QT_IntCorr_V3,437.33,,,,MISSING
280,QT_IntCorr_V3_iqr,7.00750000000005,,,,MISSING
281,QT_IntCorr_V3_count,12,,,,MISSING
282,QT_IntCorr_V4,456.485,,,,MISSING
283,QT_IntCorr_V4_iqr,7.85250000000002,,,,MISSING
284,QT_IntCorr_V4_count,12,,,,MISSING
285,QT_IntCorr_V5,401.56,,,,MISSING
286,QT_IntCorr_V5_iqr,28.850000000000023,,,,MISSING
287,QT_IntCorr_V5_count,12,,,,MISSING
288,QT_IntCorr_V6,411.25,,,,MISSING
289,QT_IntCorr_V6_iqr,9.322499999999993,,,,MISSING
290,QT_IntCorr_V6_count,12,,,,MISSING
291,QT_IntCorr_aVF,416.87,,,,MISSING
292,QT_IntCorr_aVF_iqr,5.120000000000061,,,,MISSING
293,QT_IntCorr_aVF_count,12,,,,MISSING
294,QT_IntCorr_aVL,435.635,,,,MISSING
295,QT_IntCorr_aVL_iqr,4.515000000000043,,,,MISSING
296,QT_IntCorr_aVL_count,12,,,,MISSING
297,QT_IntCorr_aVR,511.795,,,,MISSING
298,QT_IntCorr_aVR_iqr,75.65750000000003,,,,MISSING
299,QT_IntCorr_aVR_count,12,,,,MISSING
300,QT_IntFramingham_Global,522.01,,,,MISSING
301,QT_IntFramingham_Global_iqr,55.53499999999997,,,,MISSING
302,QT_IntFramingham_Global_count,11,,,,MISSING
303,QT_Int_I,419.0,,,,MISSING
304,QT_Int_I_iqr,11.0,,,,MISSING
305,QT_Int_I_count,12,,,,MISSING
306,QT_Int_II,395.0,,,,MISSING
307,QT_Int_II_iqr,75.5,,,,MISSING
308,QT_Int_II_count,12,,,,MISSING
309,QT_Int_III,432.0,,,,MISSING
310,QT_Int_III_iqr,37.0,,,,MISSING
311,QT_Int_III_count,12,,,,MISSING
312,QT_Int_V1,393.0,,,,MISSING
313,QT_Int_V1_iqr,98.0,,,,MISSING
314,QT_Int_V1_count,12,,,,MISSING
315,QT_Int_V2,448.0,,,,MISSING
316,QT_Int_V2_iqr,10.0,,,,MISSING
317,QT_Int_V2_count,12,,,,MISSING
318,QT_Int_V3,416.0,,,,MISSING
319,QT_Int_V3_iqr,4.5,,,,MISSING
320,QT_Int_V3_count,12,,,,MISSING
321,QT_Int_V4,433.0,,,,MISSING
322,QT_Int_V4_iqr,7.5,,,,MISSING
323,QT_Int_V4_count,12,,,,MISSING
324,QT_Int_V5,381.0,,,,MISSING
325,QT_Int_V5_iqr,23.0,,,,MISSING
326,QT_Int_V5_count,12,,,,MISSING
327,QT_Int_V6,388.0,,,,MISSING
328,QT_Int_V6_iqr,7.0,,,,MISSING
329,QT_Int_V6_count,12,,,,MISSING
330,QT_Int_aVF,396.0,,,,MISSING
331,QT_Int_aVF_iqr,4.5,,,,MISSING
332,QT_Int_aVF_count,12,,,,MISSING
333,QT_Int_aVL,414.0,,,,MISSING
334,QT_Int_aVL_iqr,6.5,,,,MISSING
335,QT_Int_aVL_count,12,,,,MISSING
336,QT_Int_aVR,487.0,,,,MISSING
337,QT_Int_aVR_iqr,77.5,,,,MISSING
338,QT_Int_aVR_count,12,,,,MISSING
339,QT_Int_Global,499.0,,,,MISSING
340,QT_Int_Global_iqr,66.5,,,,MISSING
341,QT_Int_Global_count,12,,,,MISSING
342,R_Amp_I,1.6,,,,MISSING
343,R_Amp_I_iqr,0.1224999999999998,,,,MISSING
344,R_Amp_I_count,12,,,,MISSING
345,R_Amp_II,0.975,,,,MISSING
346,R_Amp_II_iqr,0.045,,,,MISSING
347,R_Amp_II_count,12,,,,MISSING
348,R_Amp_III,-0.71,,,,MISSING
349,R_Amp_III_iqr,0.14,,,,MISSING
350,R_Amp_III_count,12,,,,MISSING
351,R_Amp_V1,-0.955,,,,MISSING
352,R_Amp_V1_iqr,0.1149999999999999,,,,MISSING
353,R_Amp_V1_count,12,,,,MISSING
354,R_Amp_V2,0.885,,,,MISSING
355,R_Amp_V2_iqr,0.075,,,,MISSING
356,R_Amp_V2_count,12,,,,MISSING
357,R_Amp_V3,1.68,,,,MISSING
358,R_Amp_V3_iqr,0.0949999999999999,,,,MISSING
359,R_Amp_V3_count,12,,,,MISSING
360,R_Amp_V4,1.835,,,,MISSING
361,R_Amp_V4_iqr,0.1624999999999998,,,,MISSING
362,R_Amp_V4_count,12,,,,MISSING
363,R_Amp_V5,1.6,,,,MISSING
364,R_Amp_V5_iqr,0.0749999999999997,,,,MISSING
365,R_Amp_V5_count,12,,,,MISSING
366,R_Amp_V6,1.17,,,,MISSING
367,R_Amp_V6_iqr,0.0524999999999999,,,,MISSING
368,R_Amp_V6_count,12,,,,MISSING
369,R_Amp_aVF,0.255,,,,MISSING
370,R_Amp_aVF_iqr,0.09,,,,MISSING
371,R_Amp_aVF_count,12,,,,MISSING
372,R_Amp_aVL,1.15,,,,MISSING
373,R_Amp_aVL_iqr,0.1549999999999998,,,,MISSING
374,R_Amp_aVL_count,12,,,,MISSING
375,R_Amp_aVR,-1.3,,,,MISSING
376,R_Amp_aVR_iqr,0.09,,,,MISSING
377,R_Amp_aVR_count,12,,,,MISSING
378,RR_Mean_Global,862.0,,,,MISSING
379,RR_Mean_Global_iqr,37.0,,,,MISSING
380,RR_Mean_Global_count,11,,,,MISSING
381,S_Amp_I,-0.12,,,,MISSING
382,S_Amp_I_iqr,0.0525,,,,MISSING
383,S_Amp_I_count,12,,,,MISSING
384,S_Amp_II,-0.0849999999999999,,,,MISSING
385,S_Amp_II_iqr,0.0375,,,,MISSING
386,S_Amp_II_count,12,,,,MISSING
387,S_Amp_III,-0.02,,,,MISSING
388,S_Amp_III_iqr,0.09,,,,MISSING
389,S_Amp_III_count,12,,,,MISSING
390,S_Amp_V1,0.02,,,,MISSING
391,S_Amp_V1_iqr,0.025,,,,MISSING
392,S_Amp_V1_count,12,,,,MISSING
393,S_Amp_V2,-0.735,,,,MISSING
394,S_Amp_V2_iqr,0.05,,,,MISSING
395,S_Amp_V2_count,12,,,,MISSING
396,S_Amp_V3,-0.325,,,,MISSING
397,S_Amp_V3_iqr,0.0575,,,,MISSING
398,S_Amp_V3_count,12,,,,MISSING
399,S_Amp_V4,-0.13,,,,MISSING
400,S_Amp_V4_iqr,0.03,,,,MISSING
401,S_Amp_V4_count,12,,,,MISSING
402,S_Amp_V5,-0.065,,,,MISSING
403,S_Amp_V5_iqr,0.04,,,,MISSING
404,S_Amp_V5_count,12,,,,MISSING
405,S_Amp_V6,-0.09,,,,MISSING
406,S_Amp_V6_iqr,0.0625,,,,MISSING
407,S_Amp_V6_count,12,,,,MISSING
408,S_Amp_aVF,-0.065,,,,MISSING
409,S_Amp_aVF_iqr,0.0275,,,,MISSING
410,S_Amp_aVF_count,12,,,,MISSING
411,S_Amp_aVL,-0.07,,,,MISSING
412,S_Amp_aVL_iqr,0.0699999999999999,,,,MISSING
413,S_Amp_aVL_count,12,,,,MISSING
414,S_Amp_aVR,0.07,,,,MISSING
415,S_Amp_aVR_iqr,0.035,,,,MISSING
416,S_Amp_aVR_count,12,,,,MISSING
417,ST_Elev_I,-0.355,,,,MISSING
418,ST_Elev_I_iqr,0.085,,,,MISSING
419,ST_Elev_I_count,12,,,,MISSING
420,ST_Elev_II,-0.71,,,,MISSING
421,ST_Elev_II_iqr,0.0949999999999999,,,,MISSING
422,ST_Elev_II_count,12,,,,MISSING
423,ST_Elev_III,-0.165,,,,MISSING
424,ST_Elev_III_iqr,0.08,,,,MISSING
425,ST_Elev_III_count,12,,,,MISSING
426,ST_Elev_V1,0.315,,,,MISSING
427,ST_Elev_V1_iqr,0.0824999999999999,,,,MISSING
428,ST_Elev_V1_count,12,,,,MISSING
429,ST_Elev_V2,0.045,,,,MISSING
430,ST_Elev_V2_iqr,0.055,,,,MISSING
431,ST_Elev_V2_count,12,,,,MISSING
432,ST_Elev_V3,-0.175,,,,MISSING
433,ST_Elev_V3_iqr,0.06,,,,MISSING
434,ST_Elev_V3_count,12,,,,MISSING
435,ST_Elev_V4,-0.58,,,,MISSING
436,ST_Elev_V4_iqr,0.1149999999999998,,,,MISSING
437,ST_Elev_V4_count,12,,,,MISSING
438,ST_Elev_V5,-0.89,,,,MISSING
439,ST_Elev_V5_iqr,0.1224999999999999,,,,MISSING
440,ST_Elev_V5_count,12,,,,MISSING
441,ST_Elev_V6,-0.76,,,,MISSING
442,ST_Elev_V6_iqr,0.1999999999999999,,,,MISSING
443,ST_Elev_V6_count,12,,,,MISSING
444,ST_Elev_aVF,-0.42,,,,MISSING
445,ST_Elev_aVF_iqr,0.1099999999999999,,,,MISSING
446,ST_Elev_aVF_count,12,,,,MISSING
447,ST_Elev_aVL,-0.09,,,,MISSING
448,ST_Elev_aVL_iqr,0.0975,,,,MISSING
449,ST_Elev_aVL_count,12,,,,MISSING
450,ST_Elev_aVR,0.605,,,,MISSING
451,ST_Elev_aVR_iqr,0.1149999999999999,,,,MISSING
452,ST_Elev_aVR_count,12,,,,MISSING
453,T_Amp_I,0.065,,,,MISSING
454,T_Amp_I_iqr,0.03,,,,MISSING
455,T_Amp_I_count,12,,,,MISSING
456,T_Amp_II,-0.1,,,,MISSING
457,T_Amp_II_iqr,0.025,,,,MISSING
458,T_Amp_II_count,12,,,,MISSING
459,T_Amp_III,-0.15,,,,MISSING
460,T_Amp_III_iqr,0.055,,,,MISSING
461,T_Amp_III_count,12,,,,MISSING
462,T_Amp_V1,0.11,,,,MISSING
463,T_Amp_V1_iqr,0.0249999999999999,,,,MISSING
464,T_Amp_V1_count,12,,,,MISSING
465,T_Amp_V2,0.29,,,,MISSING
466,T_Amp_V2_iqr,0.0399999999999999,,,,MISSING
467,T_Amp_V2_count,12,,,,MISSING
468,T_Amp_V3,0.17,,,,MISSING
469,T_Amp_V3_iqr,0.0375,,,,MISSING
470,T_Amp_V3_count,12,,,,MISSING
471,T_Amp_V4,0.055,,,,MISSING
472,T_Amp_V4_iqr,0.035,,,,MISSING
473,T_Amp_V4_count,12,,,,MISSING
474,T_Amp_V5,-0.115,,,,MISSING
475,T_Amp_V5_iqr,0.0475,,,,MISSING
476,T_Amp_V5_count,12,,,,MISSING
477,T_Amp_V6,-0.11,,,,MISSING
478,T_Amp_V6_iqr,0.0575,,,,MISSING
479,T_Amp_V6_count,12,,,,MISSING
480,T_Amp_aVF,-0.1149999999999999,,,,MISSING
481,T_Amp_aVF_iqr,0.0425,,,,MISSING
482,T_Amp_aVF_count,12,,,,MISSING
483,T_Amp_aVL,0.1,,,,MISSING
484,T_Amp_aVL_iqr,0.0424999999999999,,,,MISSING
485,T_Amp_aVL_count,12,,,,MISSING
486,T_Amp_aVR,-0.015,,,,MISSING
487,T_Amp_aVR_iqr,0.0225,,,,MISSING
488,T_Amp_aVR_count,12,,,,MISSING
489,T_DurFull_I,142.0,,,,MISSING
490,T_DurFull_I_iqr,9.5,,,,MISSING
491,T_DurFull_I_count,12,,,,MISSING
492,T_DurFull_II,178.0,,,,MISSING
493,T_DurFull_II_iqr,77.0,,,,MISSING
494,T_DurFull_II_count,12,,,,MISSING
495,T_DurFull_III,142.0,,,,MISSING
496,T_DurFull_III_iqr,4.0,,,,MISSING
497,T_DurFull_III_count,12,,,,MISSING
498,T_DurFull_V1,141.0,,,,MISSING
499,T_DurFull_V1_iqr,100.0,,,,MISSING
500,T_DurFull_V1_count,12,,,,MISSING
501,T_DurFull_V2,138.0,,,,MISSING
502,T_DurFull_V2_iqr,2.0,,,,MISSING
503,T_DurFull_V2_count,12,,,,MISSING
504,T_DurFull_V3,136.0,,,,MISSING
505,T_DurFull_V3_iqr,4.5,,,,MISSING
506,T_DurFull_V3_count,12,,,,MISSING
507,T_DurFull_V4,169.0,,,,MISSING
508,T_DurFull_V4_iqr,75.0,,,,MISSING
509,T_DurFull_V4_count,12,,,,MISSING
510,T_DurFull_V5,159.0,,,,MISSING
511,T_DurFull_V5_iqr,66.5,,,,MISSING
512,T_DurFull_V5_count,12,,,,MISSING
513,T_DurFull_V6,156.0,,,,MISSING
514,T_DurFull_V6_iqr,52.5,,,,MISSING
515,T_DurFull_V6_count,12,,,,MISSING
516,T_DurFull_aVF,143.0,,,,MISSING
517,T_DurFull_aVF_iqr,5.0,,,,MISSING
518,T_DurFull_aVF_count,12,,,,MISSING
519,T_DurFull_aVL,142.0,,,,MISSING
520,T_DurFull_aVL_iqr,8.5,,,,MISSING
521,T_DurFull_aVL_count,12,,,,MISSING
522,T_DurFull_aVR,210.0,,,,MISSING
523,T_DurFull_aVR_iqr,75.5,,,,MISSING
524,T_DurFull_aVR_count,12,,,,MISSING
525,T_Dur_Global,252.0,,,,MISSING
526,T_Dur_Global_iqr,69.5,,,,MISSING
527,T_Dur_Global_count,12,,,,MISSING
528,HA__Global,2.0,,,,MISSING
529,HA__Global_iqr,0.0,,,,MISSING
530,HA__Global_count,1,,,,MISSING
